dataset,scope,split_index,method,method_type,selected_single,preferred_method,validation_selected_single,validation_preferred_method,selection_metric,validation_loss,test_r2,test_mse,test_mae,test_correlation,test_calibration_slope,test_calibration_intercept,test_accuracy,test_balanced_accuracy,test_macro_f1,test_log_loss,test_ece,test_roc_auc,test_brier
toronto_houses,repeated,0,resnet50,encoder,siglip2_b16,linear_stack,False,False,mse,0.1399317971342802,0.4065997463229156,0.1367582763940711,0.2835871742768585,0.6379851432374654,1.0197017018964205,-0.2853278774839918,,,,,,,
toronto_houses,repeated,0,vgg16,encoder,siglip2_b16,linear_stack,False,False,mse,0.1447872865714149,0.3775450240341662,0.1434543870153518,0.290516591443296,0.6148649413139455,0.9784169809541468,0.2951760326556751,,,,,,,
toronto_houses,repeated,0,inception_v3,encoder,siglip2_b16,linear_stack,False,False,mse,0.1335095785685986,0.4446073865059915,0.1279988272212164,0.2729606245289841,0.6668339637757917,1.0100019219867766,-0.1427150126413519,,,,,,,
toronto_houses,repeated,0,mobilenet_v2,encoder,siglip2_b16,linear_stack,False,False,mse,0.1407428427771045,0.4046785773754296,0.1372010395245078,0.2826886343609748,0.6365304724970478,1.0290627373813297,-0.4153869482519816,,,,,,,
toronto_houses,repeated,0,coco_deeplab,encoder,siglip2_b16,linear_stack,False,False,mse,0.2274400468802206,0.0056393744774015,0.2291658023702197,0.3821025449941718,0.092246581787979,2.3755612610731283,-19.351653031373797,,,,,,,
toronto_houses,repeated,0,ade20k_segformer,encoder,siglip2_b16,linear_stack,False,False,mse,0.2049252824727715,-0.0643756926180592,0.2453018586631802,0.3641880398898003,0.1885725401816956,0.3739528997614027,8.812438906169326,,,,,,,
toronto_houses,repeated,0,dinov2_vitb14,encoder,siglip2_b16,linear_stack,False,False,mse,0.0899169992740886,0.6326659086094558,0.084657828991577,0.2244268179669596,0.7961110355835487,0.9884124585885556,0.1477545630215342,,,,,,,
toronto_houses,repeated,0,siglip2_b16,encoder,siglip2_b16,linear_stack,True,False,mse,0.0872742480556421,0.6665674280534497,0.076844698920312,0.2119474787300245,0.8164730241948475,0.9927610549110272,0.0994649946851424,,,,,,,
toronto_houses,repeated,0,convnext_b,encoder,siglip2_b16,linear_stack,False,False,mse,0.1152755426304185,0.4973069694936404,0.1158533923458226,0.2608983186264693,0.705544738964808,0.9722719639621094,0.3859627974427138,,,,,,,
toronto_houses,repeated,0,vit_b16,encoder,siglip2_b16,linear_stack,False,False,mse,0.1227487676702809,0.4632509101396262,0.123702138532176,0.2690826710152075,0.6807248461233177,1.006174272231001,-0.0921279698393426,,,,,,,
toronto_houses,repeated,0,equal_average,combination,siglip2_b16,linear_stack,False,False,mse,0.1124937503374118,0.5266418568845104,0.1090927133388118,0.2525093361632395,0.7648598474105515,1.461258965823342,-6.496846964014535,,,,,,,
toronto_houses,repeated,0,linear_stack,combination,siglip2_b16,linear_stack,False,True,mse,0.0796732347860138,0.6891186612596895,0.071647418055103,0.2051869208054075,0.8303080267563023,0.9880036510978832,0.162250619920659,,,,,,,
toronto_houses,repeated,0,greedy_average,combination,siglip2_b16,linear_stack,False,False,mse,0.0799058040478095,0.6848803399999845,0.0726242048136018,0.2053567325649271,0.828586865850649,1.0460118713315645,-0.6568200634092474,,,,,,,
toronto_houses,repeated,0,feature_concatenation,combination,siglip2_b16,linear_stack,False,False,mse,0.100159576475688,0.4975203528204889,0.115804214854222,0.2316366582384875,0.7066230370909539,0.9435611522908902,0.7928024060278158,,,,,,,
toronto_houses,repeated,1,resnet50,encoder,siglip2_b16,greedy_average,False,False,mse,0.1498133502564692,0.4073690497270449,0.1456995387839011,0.2890749189008224,0.6480708454140718,1.120665786767575,-1.6541645548645736,,,,,,,
toronto_houses,repeated,1,vgg16,encoder,siglip2_b16,greedy_average,False,False,mse,0.1520579907589756,0.3680362967864004,0.15536957704281,0.2966490365497479,0.6121098736677686,1.011811586953178,-0.1259813321090028,,,,,,,
toronto_houses,repeated,1,inception_v3,encoder,siglip2_b16,greedy_average,False,False,mse,0.1393890059223387,0.4256956784309814,0.1411938994000695,0.2851051064215682,0.6574830455096305,1.0410620255709149,-0.5398566317760185,,,,,,,
toronto_houses,repeated,1,mobilenet_v2,encoder,siglip2_b16,greedy_average,False,False,mse,0.1470176441690338,0.410412104621617,0.1449513974753362,0.2881026050490108,0.646003146113166,1.0476362826557863,-0.6319620723731383,,,,,,,
toronto_houses,repeated,1,coco_deeplab,encoder,siglip2_b16,greedy_average,False,False,mse,0.2502074371403078,-0.0027287255065613,0.2465229208234657,0.3912185002752951,0.0917086673084141,0.7606165212067957,3.417002633938724,,,,,,,
toronto_houses,repeated,1,ade20k_segformer,encoder,siglip2_b16,greedy_average,False,False,mse,0.2896707745995621,0.0995478597345375,0.2213780118524493,0.3650754977083742,0.3603138800721874,1.6300554855430835,-8.808440569477368,,,,,,,
toronto_houses,repeated,1,dinov2_vitb14,encoder,siglip2_b16,greedy_average,False,False,mse,0.0919249768105592,0.6496895869415753,0.086124536003903,0.222062235859291,0.8084893798339889,1.0348571327500906,-0.4628474291450963,,,,,,,
toronto_houses,repeated,1,siglip2_b16,encoder,siglip2_b16,greedy_average,True,False,mse,0.0871584340492625,0.6561009763881791,0.0845482827135477,0.2204957584766056,0.8109317533797726,1.0250166314122566,-0.3360998590535935,,,,,,,
toronto_houses,repeated,1,convnext_b,encoder,siglip2_b16,greedy_average,False,False,mse,0.127354625783271,0.5020749336865313,0.1224159023037891,0.2655255931439573,0.7123684753627519,1.0315631119603068,-0.4096166872985005,,,,,,,
toronto_houses,repeated,1,vit_b16,encoder,siglip2_b16,greedy_average,False,False,mse,0.1301043046842775,0.4486557896408011,0.1355491088062657,0.2734040035408582,0.6747588362817407,1.0013824571123628,0.0209558300792469,,,,,,,
toronto_houses,repeated,1,equal_average,combination,siglip2_b16,greedy_average,False,False,mse,0.11902217579941,0.5154944381475686,0.1191166895141413,0.2598474862058288,0.7701679279896069,1.5330384662905798,-7.464779620130196,,,,,,,
toronto_houses,repeated,1,linear_stack,combination,siglip2_b16,greedy_average,False,False,mse,0.0818421833998908,0.6908839517316645,0.075996816640533,0.2082102113428579,0.8323746570662571,1.0241952197562738,-0.3213306687829238,,,,,,,
toronto_houses,repeated,1,greedy_average,combination,siglip2_b16,greedy_average,False,True,mse,0.0815949071640491,0.6853517826783715,0.0773569117877205,0.2094089353273632,0.8317386727501767,1.0866949016635163,-1.199329017116769,,,,,,,
toronto_houses,repeated,1,feature_concatenation,combination,siglip2_b16,greedy_average,False,False,mse,0.1172073010407868,0.6086314372126564,0.0962187666141479,0.2319134154619294,0.80273128554767,1.2826750162007694,-3.9473139158392048,,,,,,,
toronto_houses,repeated,2,resnet50,encoder,siglip2_b16,linear_stack,False,False,mse,0.1445687601850159,0.3722699992030135,0.1414192417767652,0.290642609856963,0.6102983019638624,0.9991178602713076,0.0058112051111223,,,,,,,
toronto_houses,repeated,2,vgg16,encoder,siglip2_b16,linear_stack,False,False,mse,0.1467061514804893,0.3746605816772574,0.1408806752585438,0.2912656539584475,0.6125266866727086,0.9812512984201552,0.2545813287224341,,,,,,,
toronto_houses,repeated,2,inception_v3,encoder,siglip2_b16,linear_stack,False,False,mse,0.1327162065233023,0.4041516182202088,0.1342367359505293,0.2843743856326111,0.6360204215741899,1.01333417745287,-0.1959477745271058,,,,,,,
toronto_houses,repeated,2,mobilenet_v2,encoder,siglip2_b16,linear_stack,False,False,mse,0.1413290442869272,0.386687153315277,0.1381712482117827,0.2906821155544877,0.6227801751344327,0.9639583863768746,0.4956621079735956,,,,,,,
toronto_houses,repeated,2,coco_deeplab,encoder,siglip2_b16,linear_stack,False,False,mse,0.226956757873935,0.007334223313377,0.2236344308835524,0.3779077823231314,0.1066580188104808,2.4755645986940884,-20.760925123363357,,,,,,,
toronto_houses,repeated,2,ade20k_segformer,encoder,siglip2_b16,linear_stack,False,False,mse,0.2176739915859641,-0.2690205853907363,0.2858935031896062,0.3614659668911199,0.131396465868471,0.1972740313851511,11.296323315149074,,,,,,,
toronto_houses,repeated,2,dinov2_vitb14,encoder,siglip2_b16,linear_stack,False,False,mse,0.08852775407831,0.6146579535305712,0.0868124511608897,0.2275856161380558,0.7840086088266964,0.9972860972109372,0.0369330001509293,,,,,,,
toronto_houses,repeated,2,siglip2_b16,encoder,siglip2_b16,linear_stack,True,False,mse,0.0805564544116964,0.6227699792467747,0.084984919380343,0.2264204032804718,0.7894516766940918,0.9764757000391756,0.3356752295414811,,,,,,,
toronto_houses,repeated,2,convnext_b,encoder,siglip2_b16,linear_stack,False,False,mse,0.1140537812027342,0.4493877101793964,0.1240456445295518,0.2733498681607412,0.6713733845777823,0.9507021671132472,0.6882363184534448,,,,,,,
toronto_houses,repeated,2,vit_b16,encoder,siglip2_b16,linear_stack,False,False,mse,0.1270707164821431,0.4177803343598175,0.1311663670014474,0.2771320101986512,0.6468980282322279,0.9665842847308164,0.4637287131562697,,,,,,,
toronto_houses,repeated,2,equal_average,combination,siglip2_b16,linear_stack,False,False,mse,0.1121095980121588,0.5017023506902525,0.1122598500231937,0.2587693208789101,0.7468104902974663,1.4636672417562662,-6.528950143648995,,,,,,,
toronto_houses,repeated,2,linear_stack,combination,siglip2_b16,linear_stack,False,True,mse,0.075898969685873,0.6566087366808446,0.0773614962319857,0.2155164180006008,0.8103830366233153,0.9910349697267644,0.1297267216210489,,,,,,,
toronto_houses,repeated,2,greedy_average,combination,siglip2_b16,linear_stack,False,False,mse,0.0765784258346611,0.6566034335652375,0.0773626909535814,0.2148488964126464,0.8112060232675102,1.0490358721915565,-0.6880786032053159,,,,,,,
toronto_houses,repeated,2,feature_concatenation,combination,siglip2_b16,linear_stack,False,False,mse,0.1012850334633471,0.5488335840175581,0.1016418083927332,0.2388388394855781,0.746464666264059,1.1397180004736402,-1.965075718209828,,,,,,,
toronto_houses,repeated,3,resnet50,encoder,siglip2_b16,greedy_average,False,False,mse,0.1398868503608729,0.3651818009771698,0.1364954995916021,0.2824063030933897,0.6083431151389398,0.9144921137440564,1.1838686450684328,,,,,,,
toronto_houses,repeated,3,vgg16,encoder,siglip2_b16,greedy_average,False,False,mse,0.1391846290843036,0.366495300044197,0.1362130774561892,0.2864435342803995,0.6065690631856028,0.9486573400762324,0.7129675226788663,,,,,,,
toronto_houses,repeated,3,inception_v3,encoder,siglip2_b16,greedy_average,False,False,mse,0.126055656401069,0.3843879842774093,0.1323658801370096,0.2790185107379646,0.6246139747993656,0.9288055063068208,0.9747576784701656,,,,,,,
toronto_houses,repeated,3,mobilenet_v2,encoder,siglip2_b16,greedy_average,False,False,mse,0.1383386799836592,0.3730520795442332,0.1348032708454981,0.284245707305689,0.6174161993383647,0.8875109144320286,1.5616557756417129,,,,,,,
toronto_houses,repeated,3,coco_deeplab,encoder,siglip2_b16,greedy_average,False,False,mse,0.231692559406129,-0.0085761579462348,0.2168591051216838,0.376860299199758,0.0300762979345449,0.2836454976132975,10.054930108129522,,,,,,,
toronto_houses,repeated,3,ade20k_segformer,encoder,siglip2_b16,greedy_average,False,False,mse,0.6820256913588684,0.1061473351046432,0.1921918216018077,0.3483954879641933,0.3500462703642192,1.5033570476680391,-7.106749951335504,,,,,,,
toronto_houses,repeated,3,dinov2_vitb14,encoder,siglip2_b16,greedy_average,False,False,mse,0.083465854093683,0.6114208348657166,0.0835503886900762,0.22204461658994,0.7823437782475171,0.9703319200111322,0.4130291014555602,,,,,,,
toronto_houses,repeated,3,siglip2_b16,encoder,siglip2_b16,greedy_average,True,False,mse,0.0799308170579922,0.6297142726991203,0.0796170232948152,0.219284500616475,0.7955594881365541,0.9394899417920894,0.8395638626281308,,,,,,,
toronto_houses,repeated,3,convnext_b,encoder,siglip2_b16,greedy_average,False,False,mse,0.1160768705544362,0.4660180247073604,0.1148141886963422,0.2609380497356728,0.6854796663037238,0.9274284177100252,1.0059325326090285,,,,,,,
toronto_houses,repeated,3,vit_b16,encoder,siglip2_b16,greedy_average,False,False,mse,0.1199968143003465,0.4193240078387893,0.1248541074797435,0.2712203534630921,0.6528308998872062,0.9085210008578888,1.263799721678149,,,,,,,
toronto_houses,repeated,3,equal_average,combination,siglip2_b16,greedy_average,False,False,mse,0.1108832021827895,0.507948512548273,0.1057985005910314,0.2488132251333293,0.7416169192522489,1.3725897394342748,-5.2587486075046375,,,,,,,
toronto_houses,repeated,3,linear_stack,combination,siglip2_b16,greedy_average,False,False,mse,0.0746267255899899,0.6580166560871631,0.0735315834537229,0.2095852525019369,0.8121569048711369,0.956586178855568,0.6032200995116934,,,,,,,
toronto_houses,repeated,3,greedy_average,combination,siglip2_b16,greedy_average,False,True,mse,0.0738264825960058,0.6568258490245846,0.0737876249553277,0.209418824123354,0.8106310633475629,1.0075054179130407,-0.1129707318459942,,,,,,,
toronto_houses,repeated,3,feature_concatenation,combination,siglip2_b16,greedy_average,False,False,mse,4.624401428380922,0.5856480748327108,0.0890919213083513,0.2273168915325875,0.7739350540149906,1.168954523974136,-2.388848205558533,,,,,,,
toronto_houses,repeated,4,resnet50,encoder,siglip2_b16,greedy_average,False,False,mse,0.1278813391483561,0.4244027034961787,0.1343593755596331,0.2856135705092968,0.6515443232785593,1.0134739400221828,-0.1924510144896576,,,,,,,
toronto_houses,repeated,4,vgg16,encoder,siglip2_b16,greedy_average,False,False,mse,0.1409624734255508,0.3916087109521377,0.1420143461216697,0.2944639848356544,0.6275415133501793,1.0629787794690972,-0.8718557341575242,,,,,,,
toronto_houses,repeated,4,inception_v3,encoder,siglip2_b16,greedy_average,False,False,mse,0.1275061695215421,0.4372618647567958,0.1313577129602924,0.2809025627389239,0.6620644755373318,1.03140222378934,-0.4292283784421506,,,,,,,
toronto_houses,repeated,4,mobilenet_v2,encoder,siglip2_b16,greedy_average,False,False,mse,0.1292458629317564,0.4013882506877203,0.1397315472619207,0.2913002661304939,0.633558828605943,0.9955632537988228,0.0620929663823233,,,,,,,
toronto_houses,repeated,4,coco_deeplab,encoder,siglip2_b16,greedy_average,False,False,mse,0.2141116950241783,-0.0525325761332515,0.2456884709924916,0.3961124602910426,0.0805544941692861,0.2490269912996364,10.571658068366922,,,,,,,
toronto_houses,repeated,4,ade20k_segformer,encoder,siglip2_b16,greedy_average,False,False,mse,0.1949939774721036,0.1259638488940792,0.2040227641659137,0.3650305395622484,0.4061987233786727,1.9444831572399748,-13.285597574678768,,,,,,,
toronto_houses,repeated,4,dinov2_vitb14,encoder,siglip2_b16,greedy_average,False,False,mse,0.0747903138798116,0.6589726166571315,0.0796046585920322,0.2225281214173851,0.8118629242588815,1.0088143668729324,-0.1192411461028406,,,,,,,
toronto_houses,repeated,4,siglip2_b16,encoder,siglip2_b16,greedy_average,True,False,mse,0.0742192696772858,0.6820603615985716,0.0742153786001805,0.2131452957438393,0.8264486996754155,1.0234696347296524,-0.3182852783308725,,,,,,,
toronto_houses,repeated,4,convnext_b,encoder,siglip2_b16,greedy_average,False,False,mse,0.1123380707320394,0.511291915760079,0.1140771741428504,0.2641604605012981,0.7154110007424068,1.0168042610406502,-0.2269582013880757,,,,,,,
toronto_houses,repeated,4,vit_b16,encoder,siglip2_b16,greedy_average,False,False,mse,0.1203979350666066,0.4940025482838422,0.1181129620661747,0.2678186235975414,0.7048037741619504,1.0710430188550677,-0.98780797273821,,,,,,,
toronto_houses,repeated,4,equal_average,combination,siglip2_b16,greedy_average,False,False,mse,0.1024602777543283,0.5387187889757978,0.107675028786713,0.2578719084414993,0.7811569934124863,1.5193266283671063,-7.300241318251118,,,,,,,
toronto_houses,repeated,4,linear_stack,combination,siglip2_b16,greedy_average,False,False,mse,0.0666862972043586,0.7092207128934782,0.0678754463904056,0.2038715201580473,0.842461708404986,1.0121925198560424,-0.1616325499702817,,,,,,,
toronto_houses,repeated,4,greedy_average,combination,siglip2_b16,greedy_average,False,True,mse,0.0664267877747817,0.7045999661938174,0.0689540488177566,0.2056597723574863,0.8414964789786933,1.0723208047526138,-1.0091383644400604,,,,,,,
toronto_houses,repeated,4,feature_concatenation,combination,siglip2_b16,greedy_average,False,False,mse,0.0877068956619993,0.6274139084011725,0.0869712816816372,0.2311044081035535,0.8127408397961957,1.2859237426411536,-4.011314069998363,,,,,,,
toronto_houses,repeated,5,resnet50,encoder,siglip2_b16,linear_stack,False,False,mse,0.1398711966940599,0.4190082957228548,0.1377917086735424,0.287267527235484,0.6485495282782366,1.0624133048118114,-0.8846694922680722,,,,,,,
toronto_houses,repeated,5,vgg16,encoder,siglip2_b16,linear_stack,False,False,mse,0.1409894087830371,0.4193052802644198,0.1377212739201188,0.2851022896594843,0.6487576587790677,1.0476235821783186,-0.6837029004936586,,,,,,,
toronto_houses,repeated,5,inception_v3,encoder,siglip2_b16,linear_stack,False,False,mse,0.1289729976410761,0.4383933425396457,0.1331942269815696,0.280269963393926,0.6627073837560173,1.0391995758461798,-0.5580213498840507,,,,,,,
toronto_houses,repeated,5,mobilenet_v2,encoder,siglip2_b16,linear_stack,False,False,mse,0.132205351788133,0.3969599264262954,0.1430208409597221,0.2909781776791488,0.6300801351520965,0.9950334549916144,0.0725874459219753,,,,,,,
toronto_houses,repeated,5,coco_deeplab,encoder,siglip2_b16,linear_stack,False,False,mse,0.2240826606614248,0.008506600906733,0.2351489162303587,0.3904530110443032,0.1282376495108249,3.272569456782225,-31.97200064192481,,,,,,,
toronto_houses,repeated,5,ade20k_segformer,encoder,siglip2_b16,linear_stack,False,False,mse,0.2002506253358497,0.1057850235048406,0.2120777433234455,0.3628664307195342,0.3496777073075539,1.576815061335172,-8.107503876675125,,,,,,,
toronto_houses,repeated,5,dinov2_vitb14,encoder,siglip2_b16,linear_stack,False,False,mse,0.0858938060827598,0.6297078673061285,0.0878208506190985,0.2278104269617792,0.7937635202365955,1.0146063594608898,-0.2128843047461757,,,,,,,
toronto_houses,repeated,5,siglip2_b16,encoder,siglip2_b16,linear_stack,True,False,mse,0.0781253483627019,0.6614320353662795,0.0802969440106668,0.2201229841539797,0.8137613167470279,1.0120219319492705,-0.18202721112924,,,,,,,
toronto_houses,repeated,5,convnext_b,encoder,siglip2_b16,linear_stack,False,False,mse,0.1169886880091343,0.5312386068391244,0.1111744502517298,0.2575132376088838,0.7295145793447801,1.0364318806793222,-0.5212941159681517,,,,,,,
toronto_houses,repeated,5,vit_b16,encoder,siglip2_b16,linear_stack,False,False,mse,0.1197753389192118,0.4734141927071774,0.1248884581586082,0.2713286429545404,0.688471170820444,1.0292097736690604,-0.41802772286362,,,,,,,
toronto_houses,repeated,5,equal_average,combination,siglip2_b16,linear_stack,False,False,mse,0.1081850793252355,0.5290739667375339,0.1116878301435004,0.2577260288457222,0.7733255866626811,1.5135527180865302,-7.233719026148861,,,,,,,
toronto_houses,repeated,5,linear_stack,combination,siglip2_b16,linear_stack,False,True,mse,0.0735677351280876,0.6841291502163798,0.074913951079561,0.2106036776853737,0.827479980039244,1.0127486609882377,-0.1902488066605592,,,,,,,
toronto_houses,repeated,5,greedy_average,combination,siglip2_b16,linear_stack,False,False,mse,0.0740824578327903,0.6784458906777289,0.0762618292625038,0.2116933193818657,0.8256588041998226,1.069075206850265,-0.9826102710667222,,,,,,,
toronto_houses,repeated,5,feature_concatenation,combination,siglip2_b16,linear_stack,False,False,mse,0.092289232175699,0.615482769420973,0.0911945658188408,0.2319940597389627,0.8040955751203579,1.2798702626392828,-3.94608053844372,,,,,,,
toronto_houses,repeated,6,resnet50,encoder,siglip2_b16,linear_stack,False,False,mse,0.1367714096984588,0.4242735668105546,0.134985425748005,0.2880835793824441,0.6525613149926661,1.0630976747857586,-0.8844923523926358,,,,,,,
toronto_houses,repeated,6,vgg16,encoder,siglip2_b16,linear_stack,False,False,mse,0.1389435198173283,0.3701480731193154,0.14767574599135,0.2986235543932945,0.6085586581396326,0.9910908390899664,0.1316384858147969,,,,,,,
toronto_houses,repeated,6,inception_v3,encoder,siglip2_b16,linear_stack,False,False,mse,0.1342295909399,0.4609615305778294,0.1263835271318207,0.273620992602299,0.6796075839238374,1.0427593611895567,-0.5964337761792518,,,,,,,
toronto_houses,repeated,6,mobilenet_v2,encoder,siglip2_b16,linear_stack,False,False,mse,0.1393711078912015,0.4315442740564299,0.1332807280713037,0.2831778375379982,0.6577473294907848,1.0501327730770222,-0.7008709818824155,,,,,,,
toronto_houses,repeated,6,coco_deeplab,encoder,siglip2_b16,linear_stack,False,False,mse,0.2280297323085856,0.0073559132301393,0.2327363778080663,0.3833479955607838,0.1016638667178981,1.8026442793065132,-11.27650919212477,,,,,,,
toronto_houses,repeated,6,ade20k_segformer,encoder,siglip2_b16,linear_stack,False,False,mse,0.2562408604993065,0.1110857740153352,0.2084157654239837,0.3590329246644674,0.3680129976684672,1.7229848616608738,-10.16265983002284,,,,,,,
toronto_houses,repeated,6,dinov2_vitb14,encoder,siglip2_b16,linear_stack,False,False,mse,0.0839688901593204,0.6580548102131856,0.0801728292552916,0.2185945960612341,0.8117955050271021,1.0228264103765508,-0.309029708611904,,,,,,,
toronto_houses,repeated,6,siglip2_b16,encoder,siglip2_b16,linear_stack,True,False,mse,0.0776725303937344,0.6665901635929262,0.0781716213144104,0.2189737608425875,0.8171098568016112,1.032395718937315,-0.4459523414297059,,,,,,,
toronto_houses,repeated,6,convnext_b,encoder,siglip2_b16,linear_stack,False,False,mse,0.1178171326710661,0.5104738655689252,0.1147748129348269,0.259740385013791,0.7147079645644728,1.0194737056461396,-0.2682462611812131,,,,,,,
toronto_houses,repeated,6,vit_b16,encoder,siglip2_b16,linear_stack,False,False,mse,0.1254005472634749,0.4853587510471666,0.1206633291310495,0.2678570261872131,0.6971964352609737,1.0336362098944194,-0.4664354855186161,,,,,,,
toronto_houses,repeated,6,equal_average,combination,siglip2_b16,linear_stack,False,False,mse,0.1107908895051088,0.5361582966694384,0.1087528141740766,0.254223581247349,0.7816405086153339,1.5366960575139128,-7.545507487621631,,,,,,,
toronto_houses,repeated,6,linear_stack,combination,siglip2_b16,linear_stack,False,True,mse,0.0726411808330679,0.7007543340619116,0.0701614539324207,0.2062079669944616,0.8378709663526831,1.029908955855377,-0.4081716021035078,,,,,,,
toronto_houses,repeated,6,greedy_average,combination,siglip2_b16,linear_stack,False,False,mse,0.0731511012296729,0.6967319258111653,0.071104552006364,0.2075355092664066,0.8377113129822985,1.0871387472965135,-1.2151196287841373,,,,,,,
toronto_houses,repeated,6,feature_concatenation,combination,siglip2_b16,linear_stack,False,False,mse,0.0951070490930266,0.6278940887647408,0.0872443437644155,0.2281842376683958,0.8139769749880414,1.295064617360934,-4.144886988292395,,,,,,,
toronto_houses,repeated,7,resnet50,encoder,dinov2_vitb14,linear_stack,False,False,mse,0.1384264379022569,0.3957385802855562,0.1444916127694006,0.2909813616099436,0.6301157683600762,1.0589813595063922,-0.8340606565972823,,,,,,,
toronto_houses,repeated,7,vgg16,encoder,dinov2_vitb14,linear_stack,False,False,mse,0.1344708210309737,0.3461441883359009,0.1563506748298411,0.3015871204076327,0.5887118896216862,0.9838992654993208,0.2175200210292622,,,,,,,
toronto_houses,repeated,7,inception_v3,encoder,dinov2_vitb14,linear_stack,False,False,mse,0.1296238923454555,0.4190697244624217,0.1389126455544097,0.2847427859276145,0.6485754033152841,1.0639224797547917,-0.8949610225941491,,,,,,,
toronto_houses,repeated,7,mobilenet_v2,encoder,dinov2_vitb14,linear_stack,False,False,mse,0.1333447348524544,0.3972146972219168,0.1441386421679153,0.2890399108825965,0.630363765417345,1.0173116151608317,-0.246148894424051,,,,,,,
toronto_houses,repeated,7,coco_deeplab,encoder,dinov2_vitb14,linear_stack,False,False,mse,0.2204067524476348,-0.0393878407282721,0.2485394905249866,0.3960828290653272,0.0744053817537835,0.2606476332958201,10.396314580584844,,,,,,,
toronto_houses,repeated,7,ade20k_segformer,encoder,dinov2_vitb14,linear_stack,False,False,mse,0.2366089314727796,0.1189562455121926,0.2106760896078902,0.3633382128033472,0.3829806026098528,1.7685294887671974,-10.8130102281309,,,,,,,
toronto_houses,repeated,7,dinov2_vitb14,encoder,dinov2_vitb14,linear_stack,True,False,mse,0.0811766938431911,0.6220056626995241,0.0903863950805546,0.2282525484126679,0.7889059959949123,1.018924915058636,-0.2723229805053595,,,,,,,
toronto_houses,repeated,7,siglip2_b16,encoder,dinov2_vitb14,linear_stack,False,False,mse,0.0821936751330223,0.65423910170826,0.0826787019604521,0.2199652203599785,0.8092484002075346,1.0322719702611751,-0.4529122657113564,,,,,,,
toronto_houses,repeated,7,convnext_b,encoder,dinov2_vitb14,linear_stack,False,False,mse,0.1152703784274427,0.4866514518462016,0.122752433326995,0.2673840046531634,0.6979781580429045,1.0329743610337514,-0.4612184604983262,,,,,,,
toronto_houses,repeated,7,vit_b16,encoder,dinov2_vitb14,linear_stack,False,False,mse,0.1232366658137789,0.4648037380337688,0.1279766811460508,0.2695646575913242,0.6827726539038196,1.056208377518096,-0.786742529968878,,,,,,,
toronto_houses,repeated,7,equal_average,combination,dinov2_vitb14,linear_stack,False,False,mse,0.1081986976945058,0.5091564298725273,0.1173710198124595,0.2613541991697421,0.7613299979743526,1.5352031501670789,-7.530988549695802,,,,,,,
toronto_houses,repeated,7,linear_stack,combination,dinov2_vitb14,linear_stack,False,True,mse,0.0733255040450894,0.6794380593956166,0.0766531012559182,0.210257683089418,0.8246793635782829,1.0317724830882324,-0.4486958912335073,,,,,,,
toronto_houses,repeated,7,greedy_average,combination,dinov2_vitb14,linear_stack,False,False,mse,0.0735504374460139,0.6733583000842931,0.0781068995615556,0.2113954352094542,0.8233429321691337,1.0887911648440047,-1.2515903040542875,,,,,,,
toronto_houses,repeated,7,feature_concatenation,combination,dinov2_vitb14,linear_stack,False,False,mse,0.1076964456010294,0.5857310118848646,0.0990604269281181,0.2394042443471599,0.7814093174843585,1.2527960847137418,-3.553837378075052,,,,,,,
toronto_houses,repeated,8,resnet50,encoder,siglip2_b16,linear_stack,False,False,mse,0.1322935887366154,0.3805895301477071,0.1403543828757761,0.2910322403357648,0.6170075056621782,1.01359009205053,-0.1881858743975879,,,,,,,
toronto_houses,repeated,8,vgg16,encoder,siglip2_b16,linear_stack,False,False,mse,0.139709976591607,0.3596676830541866,0.1450951373194856,0.2992836955736611,0.6000422837248766,0.992435035524714,0.0974689973118998,,,,,,,
toronto_houses,repeated,8,inception_v3,encoder,siglip2_b16,linear_stack,False,False,mse,0.1299798605606677,0.3919427208256018,0.137781823726676,0.2918664283465606,0.6262251118566003,0.984370437775312,0.2148959066530569,,,,,,,
toronto_houses,repeated,8,mobilenet_v2,encoder,siglip2_b16,linear_stack,False,False,mse,0.1345297213571293,0.3720412961814042,0.1422913570817567,0.2942154354250378,0.6111751380512821,0.940995866982733,0.8325882040750514,,,,,,,
toronto_houses,repeated,8,coco_deeplab,encoder,siglip2_b16,linear_stack,False,False,mse,0.2307349421175321,0.0048294675864449,0.2254991685341869,0.380896136768781,0.0801270405389597,1.9567798948653092,-13.45746036741635,,,,,,,
toronto_houses,repeated,8,ade20k_segformer,encoder,siglip2_b16,linear_stack,False,False,mse,0.2076731116093222,0.1077468097068174,0.2021787683414607,0.3541065503158412,0.3444793784487689,1.426530258237077,-5.990444231779287,,,,,,,
toronto_houses,repeated,8,dinov2_vitb14,encoder,siglip2_b16,linear_stack,False,False,mse,0.0865660682982413,0.6367512543417077,0.0823098026409323,0.2214237440385773,0.7981645049843934,1.0189078880729754,-0.2613332985841818,,,,,,,
toronto_houses,repeated,8,siglip2_b16,encoder,siglip2_b16,linear_stack,True,False,mse,0.081920207200792,0.6509475847096446,0.0790930065341962,0.2200320845524054,0.8068363707174324,0.9989424779000444,0.0177594847741104,,,,,,,
toronto_houses,repeated,8,convnext_b,encoder,siglip2_b16,linear_stack,False,False,mse,0.1102288630070561,0.4875560901433164,0.1161164562548254,0.2635192000354214,0.6982656369467632,0.9939404676385164,0.0856660735827024,,,,,,,
toronto_houses,repeated,8,vit_b16,encoder,siglip2_b16,linear_stack,False,False,mse,0.1193033107086343,0.444781377176245,0.1258089279410296,0.2759560409761383,0.6669838064673409,0.9862916585713268,0.1930471133534137,,,,,,,
toronto_houses,repeated,8,equal_average,combination,siglip2_b16,linear_stack,False,False,mse,0.1089114992697277,0.5101276815536822,0.1110018804813783,0.2604737764117528,0.7563186423657225,1.490129141277392,-6.89573995796651,,,,,,,
toronto_houses,repeated,8,linear_stack,combination,siglip2_b16,linear_stack,False,True,mse,0.0756284652927479,0.6841389706754014,0.0715720544018785,0.2074252891541572,0.8272056546265116,1.0106694919837091,-0.1466138234026264,,,,,,,
toronto_houses,repeated,8,greedy_average,combination,siglip2_b16,linear_stack,False,False,mse,0.0759580678571913,0.6797182000985911,0.0725737722551327,0.2084679546434427,0.8262205608761831,1.0691995693064174,-0.9697886097871748,,,,,,,
toronto_houses,repeated,8,feature_concatenation,combination,siglip2_b16,linear_stack,False,False,mse,0.0942178349301112,0.6046892873489031,0.0895748357814468,0.2349574634198333,0.7963282951599957,1.2745084241227664,-3.8596461302033536,,,,,,,
toronto_houses,repeated,9,resnet50,encoder,siglip2_b16,linear_stack,False,False,mse,0.1484442815779366,0.4255000558103126,0.1347426653438894,0.2808062675822543,0.654558995985537,1.0880087970041992,-1.2321788925516015,,,,,,,
toronto_houses,repeated,9,vgg16,encoder,siglip2_b16,linear_stack,False,False,mse,0.1426134060511324,0.3707809192794686,0.1475764390910418,0.2939319831364596,0.6092276812179841,1.03274706439704,-0.4597989998696334,,,,,,,
toronto_houses,repeated,9,inception_v3,encoder,siglip2_b16,linear_stack,False,False,mse,0.1347697070966618,0.421902776885466,0.1355863676892446,0.2810890229802173,0.6502699825353626,1.0482040721301873,-0.67462017823431,,,,,,,
toronto_houses,repeated,9,mobilenet_v2,encoder,siglip2_b16,linear_stack,False,False,mse,0.1478978203675484,0.4090623419240607,0.1385979509772376,0.2882307314024908,0.6398693959525108,1.0037909136169842,-0.0440644018468354,,,,,,,
toronto_houses,repeated,9,coco_deeplab,encoder,siglip2_b16,linear_stack,False,False,mse,0.2242000596497298,0.0061322870717113,0.2331007791969026,0.3892654370938415,0.0925137490120466,2.1204312538705903,-15.761016798172417,,,,,,,
toronto_houses,repeated,9,ade20k_segformer,encoder,siglip2_b16,linear_stack,False,False,mse,0.2540392887435709,0.122367775355005,0.2058390193703982,0.3576183196881329,0.3980991926409064,1.9104580916530511,-12.802212367320244,,,,,,,
toronto_houses,repeated,9,dinov2_vitb14,encoder,siglip2_b16,linear_stack,False,False,mse,0.0934436941512989,0.6352790795089973,0.0855412945304105,0.22171092096391,0.7976608982954574,1.0304372145091496,-0.4179948498289274,,,,,,,
toronto_houses,repeated,9,siglip2_b16,encoder,siglip2_b16,linear_stack,True,False,mse,0.0843652030037184,0.6572950789666487,0.0803776831547511,0.2148965574747078,0.8110658401756526,1.0192724874120207,-0.2626971280447439,,,,,,,
toronto_houses,repeated,9,convnext_b,encoder,siglip2_b16,linear_stack,False,False,mse,0.123121135102049,0.4998144946070137,0.1173130282163762,0.2636889843110208,0.707940548191756,1.0409341839089843,-0.5637976584839137,,,,,,,
toronto_houses,repeated,9,vit_b16,encoder,siglip2_b16,linear_stack,False,False,mse,0.136080314861058,0.4705503671296306,0.1241766085789951,0.2662401104747148,0.6873230853229167,1.0458963741109233,-0.6302397919550078,,,,,,,
toronto_houses,repeated,9,equal_average,combination,siglip2_b16,linear_stack,False,False,mse,0.1171343681660732,0.5200577568910008,0.1125651929154571,0.2568900125142316,0.770713516982796,1.543867689360578,-7.6423001477022545,,,,,,,
toronto_houses,repeated,9,linear_stack,combination,siglip2_b16,linear_stack,False,True,mse,0.0801414184958215,0.68300184782825,0.0743484422665261,0.204918816039706,0.8269821200756473,1.0269620917132438,-0.3691562769744632,,,,,,,
toronto_houses,repeated,9,greedy_average,combination,siglip2_b16,linear_stack,False,False,mse,0.0812928710490821,0.6803099757264057,0.074979791364878,0.2064581331626867,0.8275474890916636,1.084578984466093,-1.1802686891907523,,,,,,,
toronto_houses,repeated,9,feature_concatenation,combination,siglip2_b16,linear_stack,False,False,mse,0.116452442432174,0.6176616925371572,0.0896732595566712,0.2288356324746179,0.8087907238226495,1.305800919532312,-4.287818607596581,,,,,,,
toronto_houses,repeated,10,resnet50,encoder,siglip2_b16,linear_stack,False,False,mse,0.1362824034468894,0.3796981814744505,0.1478877842545618,0.2931249701926515,0.616198852401826,1.0027377660630423,-0.0384395879781767,,,,,,,
toronto_houses,repeated,10,vgg16,encoder,siglip2_b16,linear_stack,False,False,mse,0.1348753533068178,0.3809941718064004,0.1475788037987847,0.2931698577160074,0.617272279537926,1.008699984135996,-0.1215478732644061,,,,,,,
toronto_houses,repeated,10,inception_v3,encoder,siglip2_b16,linear_stack,False,False,mse,0.1312445711340428,0.4035714343152236,0.1421960994003034,0.2843222622953531,0.6355088934309376,1.0084921932069943,-0.1112991848556532,,,,,,,
toronto_houses,repeated,10,mobilenet_v2,encoder,siglip2_b16,linear_stack,False,False,mse,0.1408596136032122,0.3910062207052084,0.145191804948753,0.2864766905583371,0.6255775455987207,0.9814246749314556,0.2679876956511133,,,,,,,
toronto_houses,repeated,10,coco_deeplab,encoder,siglip2_b16,linear_stack,False,False,mse,0.2248026843722806,-0.0168383106522831,0.2424270898720961,0.3864885976505344,0.0880723517623392,0.3638128502999317,8.94046428720413,,,,,,,
toronto_houses,repeated,10,ade20k_segformer,encoder,siglip2_b16,linear_stack,False,False,mse,0.2006071391405933,-0.2913176030465541,0.3078664182178291,0.3749405898728444,0.1103662867664032,0.1669213706323987,11.715097680058872,,,,,,,
toronto_houses,repeated,10,dinov2_vitb14,encoder,siglip2_b16,linear_stack,False,False,mse,0.0846220379237503,0.6554493499819992,0.0821452245872021,0.2184168050773861,0.8104639807056967,1.0463252976307869,-0.6459240724943243,,,,,,,
toronto_houses,repeated,10,siglip2_b16,encoder,siglip2_b16,linear_stack,True,False,mse,0.0783773659183868,0.666099507662093,0.0796060925481979,0.2168165634211816,0.816523907172746,1.0244156431810918,-0.3356835285566362,,,,,,,
toronto_houses,repeated,10,convnext_b,encoder,siglip2_b16,linear_stack,False,False,mse,0.1129163461898558,0.4983359463821339,0.1196030434120872,0.2608771511382867,0.706539101839067,1.0345010976748503,-0.476295286890263,,,,,,,
toronto_houses,repeated,10,vit_b16,encoder,siglip2_b16,linear_stack,False,False,mse,0.1207205583169138,0.4530178231940017,0.1304074560781644,0.276065040564066,0.6733260666997894,1.0115173007473477,-0.1535191529614952,,,,,,,
toronto_houses,repeated,10,equal_average,combination,siglip2_b16,linear_stack,False,False,mse,0.108321089380536,0.5095842894458482,0.1169212964261087,0.259499602136172,0.7536598850386195,1.4717901667173212,-6.628811081070108,,,,,,,
toronto_houses,repeated,10,linear_stack,combination,siglip2_b16,linear_stack,False,True,mse,0.0730617924085999,0.6966838440247232,0.0723144006613083,0.2057933877461133,0.8350888602949033,1.0273932912152266,-0.3782063682396295,,,,,,,
toronto_houses,repeated,10,greedy_average,combination,siglip2_b16,linear_stack,False,False,mse,0.0738632879949932,0.690947033841002,0.0736821286308574,0.2072711884765584,0.8340784419834434,1.0882083254464,-1.233434008522169,,,,,,,
toronto_houses,repeated,10,feature_concatenation,combination,siglip2_b16,linear_stack,False,False,mse,0.0931899730377133,0.5617653926272678,0.1044806626910635,0.2376331618686617,0.7566229636536068,1.155163129849588,-2.1707661146358497,,,,,,,
toronto_houses,repeated,11,resnet50,encoder,siglip2_b16,linear_stack,False,False,mse,0.1376277268964788,0.3819284273335723,0.1345107729966974,0.2831324759302465,0.61927818199093,0.9806224697837558,0.255084030396846,,,,,,,
toronto_houses,repeated,11,vgg16,encoder,siglip2_b16,linear_stack,False,False,mse,0.1386845322403368,0.3703292587798689,0.1370350973585941,0.286784762709146,0.6092187267515532,0.988560670268702,0.1480045652244346,,,,,,,
toronto_houses,repeated,11,inception_v3,encoder,siglip2_b16,linear_stack,False,False,mse,0.1304303909688144,0.4113149460238167,0.1281153917503899,0.2722284750464412,0.6434421213137806,0.9760692515474264,0.3138095941298413,,,,,,,
toronto_houses,repeated,11,mobilenet_v2,encoder,siglip2_b16,linear_stack,False,False,mse,0.1433771572861773,0.3799422172627121,0.1349430314337141,0.2792778200054016,0.6218936202721499,0.9085660925347724,1.2623817391004923,,,,,,,
toronto_houses,repeated,11,coco_deeplab,encoder,siglip2_b16,linear_stack,False,False,mse,0.2218142658099323,0.0046087516084487,0.2166267665048493,0.3746911181396033,0.0786386439101305,1.3060523229229417,-4.323232270642782,,,,,,,
toronto_houses,repeated,11,ade20k_segformer,encoder,siglip2_b16,linear_stack,False,False,mse,0.2157395070802971,0.1183954323184421,0.1918633975749374,0.3504001366763805,0.3867975545352803,1.8181216118455037,-11.525131054625213,,,,,,,
toronto_houses,repeated,11,dinov2_vitb14,encoder,siglip2_b16,linear_stack,False,False,mse,0.0845765832233154,0.611316771650775,0.0845890408299407,0.2191865900837419,0.782532723256527,0.9629657725060206,0.515326988267125,,,,,,,
toronto_houses,repeated,11,siglip2_b16,encoder,siglip2_b16,linear_stack,True,False,mse,0.0773880029949726,0.6497733664493675,0.0762197410239922,0.2069227057631349,0.8068710781622971,0.9602127556794025,0.553759935897725,,,,,,,
toronto_houses,repeated,11,convnext_b,encoder,siglip2_b16,linear_stack,False,False,mse,0.1099120074198336,0.4654831653268896,0.1163267747478679,0.2592189425415035,0.6851015368763754,0.945128810969812,0.750118881837377,,,,,,,
toronto_houses,repeated,11,vit_b16,encoder,siglip2_b16,linear_stack,False,False,mse,0.1226362541893773,0.4410767376224965,0.1216383399480647,0.2670649154270246,0.6658884362728368,0.9552380596992476,0.6127495294932643,,,,,,,
toronto_houses,repeated,11,equal_average,combination,siglip2_b16,linear_stack,False,False,mse,0.1087663700176489,0.5160714803030146,0.105317251493655,0.2486794427556115,0.7539840023272754,1.429048098660232,-6.053486207755372,,,,,,,
toronto_houses,repeated,11,linear_stack,combination,siglip2_b16,linear_stack,False,True,mse,0.0720691197374305,0.6662175474732438,0.0726409977220202,0.2013714686618012,0.8171116947737184,0.9564678458994562,0.6081224788949324,,,,,,,
toronto_houses,repeated,11,greedy_average,combination,siglip2_b16,linear_stack,False,False,mse,0.0731968579639076,0.6645566783636042,0.0730024522811098,0.2018604108806494,0.8153472571805694,1.0119162810278557,-0.1731239500676018,,,,,,,
toronto_houses,repeated,11,feature_concatenation,combination,siglip2_b16,linear_stack,False,False,mse,0.0983556905675278,0.6058274637196999,0.0857836776417268,0.2235677291462832,0.7911207428937208,1.2115118727170622,-2.9905559076556028,,,,,,,
obs_horses,repeated,0,resnet50,encoder,dinov2_vitb14,linear_stack,False,False,mse,0.939122544387088,0.0359754807877199,0.8540840381996473,0.7260897388231657,0.1915196819099785,0.9088388587826112,0.0207336118683149,,,,,,,
obs_horses,repeated,0,vgg16,encoder,dinov2_vitb14,linear_stack,False,False,mse,0.9300302535214136,0.0382063682425561,0.8521075683814809,0.7283437805609968,0.2002060574505136,1.264194863809163,-0.0013609118674694,,,,,,,
obs_horses,repeated,0,inception_v3,encoder,dinov2_vitb14,linear_stack,False,False,mse,0.9217495041323932,0.0386228363962518,0.8517385956059953,0.7233809401252757,0.1972572804024379,0.9391619569802092,0.0132398827001852,,,,,,,
obs_horses,repeated,0,mobilenet_v2,encoder,dinov2_vitb14,linear_stack,False,False,mse,0.9299481977915096,0.0565947655600624,0.8358162434992171,0.7202034189585349,0.2398490968722399,1.1241183225595357,0.0091954510154764,,,,,,,
obs_horses,repeated,0,coco_deeplab,encoder,dinov2_vitb14,linear_stack,False,False,mse,0.9616138549611496,0.0006839487548208,0.8853508095236176,0.7463554419427637,0.0285570611002008,1.237534624343323,-0.0014748184203452,,,,,,,
obs_horses,repeated,0,ade20k_segformer,encoder,dinov2_vitb14,linear_stack,False,False,mse,0.991073566880452,-0.2754765753203876,1.130017092271502,0.7602733953785221,0.0367924012989006,0.0654342077097477,0.0535978694900705,,,,,,,
obs_horses,repeated,0,dinov2_vitb14,encoder,dinov2_vitb14,linear_stack,True,False,mse,0.8749905557190042,0.104918609945644,0.7930034069669126,0.6999256156090955,0.3256338086162157,0.9128507381642512,0.0154506484036199,,,,,,,
obs_horses,repeated,0,siglip2_b16,encoder,dinov2_vitb14,linear_stack,False,False,mse,0.9123160692119416,0.0422115831757571,0.8485591211419844,0.7271712697529403,0.205590634422314,1.0269665794491756,0.0035026733262658,,,,,,,
obs_horses,repeated,0,convnext_b,encoder,dinov2_vitb14,linear_stack,False,False,mse,0.9319400172676328,0.036151217923549,0.8539283426964321,0.728488740592502,0.1936836977917125,1.217696926704137,0.0025334960759291,,,,,,,
obs_horses,repeated,0,vit_b16,encoder,dinov2_vitb14,linear_stack,False,False,mse,0.933033925692872,0.0347689553589184,0.855152967557651,0.7309134288103959,0.1935872533132516,1.351489935025047,-0.0028551390902631,,,,,,,
obs_horses,repeated,0,equal_average,combination,dinov2_vitb14,linear_stack,False,False,mse,0.9079804877278588,0.0639777584932707,0.829275231011748,0.7177167660956733,0.3156171667993051,2.4787491433929376,-0.0505880228589698,,,,,,,
obs_horses,repeated,0,linear_stack,combination,dinov2_vitb14,linear_stack,False,True,mse,0.857243917233307,0.1227093000186126,0.7772416248575786,0.6912013251073716,0.3505707672537682,0.9817258622290014,0.0122571304710989,,,,,,,
obs_horses,repeated,0,greedy_average,combination,dinov2_vitb14,linear_stack,False,False,mse,0.8749905557190042,0.104918609945644,0.7930034069669126,0.6999256156090955,0.3256338086162157,0.9128507381642512,0.0154506484036199,,,,,,,
obs_horses,repeated,0,feature_concatenation,combination,dinov2_vitb14,linear_stack,False,False,mse,0.8946807149302687,-0.1123502820040682,0.9854942502114412,0.7000877581107169,0.2077708877347308,0.3453920543957945,0.0433521347947048,,,,,,,
obs_horses,repeated,1,resnet50,encoder,dinov2_vitb14,dinov2_vitb14,False,False,mse,1.1163725718767383,0.0320496426046268,0.963911145164926,0.7734527657626556,0.1800791494171649,0.9410156614054876,0.0185523398043116,,,,,,,
obs_horses,repeated,1,vgg16,encoder,dinov2_vitb14,dinov2_vitb14,False,False,mse,1.126711673333915,0.027980545059501,0.9679632625535326,0.7771892647507304,0.1692596873974179,1.1408110894688566,0.0085920090841095,,,,,,,
obs_horses,repeated,1,inception_v3,encoder,dinov2_vitb14,dinov2_vitb14,False,False,mse,1.1151205168705316,0.0327136994024102,0.9632498594455544,0.7715258325644869,0.1821580748247536,0.914471080682766,0.0174713104778022,,,,,,,
obs_horses,repeated,1,mobilenet_v2,encoder,dinov2_vitb14,dinov2_vitb14,False,False,mse,1.123240357918,0.0338542611858679,0.9621140571738528,0.7777726648712626,0.1858355133020715,0.913816360802948,0.0229715871052755,,,,,,,
obs_horses,repeated,1,coco_deeplab,encoder,dinov2_vitb14,dinov2_vitb14,False,False,mse,1.144704198786339,0.0011687663151597,0.994663156980877,0.7862989002063207,0.0501572847268032,2.904580348834936,-0.0710252309521405,,,,,,,
obs_horses,repeated,1,ade20k_segformer,encoder,dinov2_vitb14,dinov2_vitb14,False,False,mse,1.2175688557344055,-0.0030181403453048,0.998832591872814,0.7877372927104441,0.0166270731771603,0.2306993230486843,0.0511761564310109,,,,,,,
obs_horses,repeated,1,dinov2_vitb14,encoder,dinov2_vitb14,dinov2_vitb14,True,True,mse,1.0331955912716473,0.086113113307262,0.9100732788338516,0.7538684937081851,0.2973443961299771,0.872264611061881,0.0254373247674844,,,,,,,
obs_horses,repeated,1,siglip2_b16,encoder,dinov2_vitb14,dinov2_vitb14,False,False,mse,1.1156906844989052,0.0429608908854937,0.9530454290202568,0.7688985556979178,0.2082008643572916,1.0913464948510203,0.0042524949365971,,,,,,,
obs_horses,repeated,1,convnext_b,encoder,dinov2_vitb14,dinov2_vitb14,False,False,mse,1.123153803121031,0.0311382725194863,0.9648187121447044,0.7760109372660925,0.1788732327672415,1.143863540594703,0.0124621233320472,,,,,,,
obs_horses,repeated,1,vit_b16,encoder,dinov2_vitb14,dinov2_vitb14,False,False,mse,1.132244820572699,0.0309536746027688,0.9650025397428232,0.7809472252239403,0.1792114429268984,0.8520532441018958,0.0210509509180961,,,,,,,
obs_horses,repeated,1,equal_average,combination,dinov2_vitb14,dinov2_vitb14,False,False,mse,1.096251831433023,0.0550824597396922,0.9409744429142268,0.766143195883804,0.2984829822932277,2.6015284129917347,-0.0587188888409304,,,,,,,
obs_horses,repeated,1,linear_stack,combination,dinov2_vitb14,dinov2_vitb14,False,False,mse,1.0380187120942297,0.1010973866345268,0.8951515341885854,0.7488839659079901,0.3186392395163038,0.9681398477731522,0.0193578710871613,,,,,,,
obs_horses,repeated,1,greedy_average,combination,dinov2_vitb14,dinov2_vitb14,False,False,mse,1.0331955912716473,0.086113113307262,0.9100732788338516,0.7538684937081851,0.2973443961299771,0.872264611061881,0.0254373247674844,,,,,,,
obs_horses,repeated,1,feature_concatenation,combination,dinov2_vitb14,dinov2_vitb14,False,False,mse,1.0543188048977852,0.1034450182150004,0.8928136991664993,0.7472123414991476,0.3246770028465911,1.1391788552412794,0.0140000939425928,,,,,,,
obs_horses,repeated,2,resnet50,encoder,dinov2_vitb14,linear_stack,False,False,mse,0.9109405924914272,0.0150898797969252,1.0866859251954084,0.7667984013196318,0.137841164596402,0.7074539999649523,-0.0101632772837072,,,,,,,
obs_horses,repeated,2,vgg16,encoder,dinov2_vitb14,linear_stack,False,False,mse,0.9063339540152898,0.0172840303435146,1.084265041839832,0.7643838008900348,0.1347174733321639,0.928490459057948,-0.0246488135757117,,,,,,,
obs_horses,repeated,2,inception_v3,encoder,dinov2_vitb14,linear_stack,False,False,mse,0.9012216859792276,0.0213900617841746,1.0797347131494788,0.7586755051290947,0.1532215167184391,0.795294638792497,-0.0129965448199137,,,,,,,
obs_horses,repeated,2,mobilenet_v2,encoder,dinov2_vitb14,linear_stack,False,False,mse,0.8988793690845366,0.0322798290244672,1.0677196505098137,0.7603372474775651,0.1815704130446948,0.9616954616621493,-0.0242976089256534,,,,,,,
obs_horses,repeated,2,coco_deeplab,encoder,dinov2_vitb14,linear_stack,False,False,mse,0.9409862210884592,0.0009001130186661,1.1023419932197276,0.7762915775589043,0.0465630677644544,2.671751933962545,-0.1085799520008524,,,,,,,
obs_horses,repeated,2,ade20k_segformer,encoder,dinov2_vitb14,linear_stack,False,False,mse,1.0108486247011546,-0.0043143850622389,1.1080953320830844,0.7777470694661917,-0.0153900784341519,-0.3164393037876758,0.0473249463534612,,,,,,,
obs_horses,repeated,2,dinov2_vitb14,encoder,dinov2_vitb14,linear_stack,True,False,mse,0.8420920221303098,0.0852798945435872,1.0092428168854553,0.7360346226524889,0.2946119785156467,0.9274097504436308,-0.0283467416927499,,,,,,,
obs_horses,repeated,2,siglip2_b16,encoder,dinov2_vitb14,linear_stack,False,False,mse,0.8964594546837961,0.0282516267997915,1.0721641074928463,0.7634732209310144,0.1704728863469123,0.9170251477935782,-0.0204888814943656,,,,,,,
obs_horses,repeated,2,convnext_b,encoder,dinov2_vitb14,linear_stack,False,False,mse,0.912374799064506,0.0201596232372396,1.0810922992107292,0.7635266180629654,0.1447130321631682,0.925376255528825,-0.0224241184706137,,,,,,,
obs_horses,repeated,2,vit_b16,encoder,dinov2_vitb14,linear_stack,False,False,mse,0.9156627694547064,0.0249117785170781,1.0758490793970483,0.7670738274221419,0.1648992702194723,0.8242939629379598,-0.0226091644550446,,,,,,,
obs_horses,repeated,2,equal_average,combination,dinov2_vitb14,linear_stack,False,False,mse,0.8838325047877836,0.0453062350094717,1.0533471593053707,0.7542237871727673,0.262852299376116,2.3729161146002244,-0.1058554039073929,,,,,,,
obs_horses,repeated,2,linear_stack,combination,dinov2_vitb14,linear_stack,False,True,mse,0.825254462631438,0.0900778063463055,1.0039491122931337,0.7328600309315024,0.3024646963007702,0.938777935044054,-0.0295901452213977,,,,,,,
obs_horses,repeated,2,greedy_average,combination,dinov2_vitb14,linear_stack,False,False,mse,0.8420920221303098,0.0852798945435872,1.0092428168854553,0.7360346226524889,0.2946119785156467,0.9274097504436308,-0.0283467416927499,,,,,,,
obs_horses,repeated,2,feature_concatenation,combination,dinov2_vitb14,linear_stack,False,False,mse,0.925342955419308,0.0927844331302888,1.0009627959069185,0.7297401914126511,0.3089376132366369,1.147381144356719,-0.0441741548297235,,,,,,,
obs_horses,repeated,3,resnet50,encoder,dinov2_vitb14,linear_stack,False,False,mse,0.940582094637399,0.0242362249984671,0.9532618026494794,0.7467219986415619,0.1613257986307839,0.8049766833017344,-0.0072954457754889,,,,,,,
obs_horses,repeated,3,vgg16,encoder,dinov2_vitb14,linear_stack,False,False,mse,0.9478667017307696,0.0215318841666855,0.95590377899901,0.7473257052383356,0.1484926008093179,0.977636127163272,-0.0211091362431992,,,,,,,
obs_horses,repeated,3,inception_v3,encoder,dinov2_vitb14,linear_stack,False,False,mse,0.936040183958012,0.0329320906770896,0.9447664712949324,0.7401047287891611,0.1837363678690346,0.8967378667816482,-0.0143037611742426,,,,,,,
obs_horses,repeated,3,mobilenet_v2,encoder,dinov2_vitb14,linear_stack,False,False,mse,0.9309367212313244,0.0286774798435838,0.948922967054076,0.738349691129114,0.1721849405513157,0.8686065254427795,-0.010900311996207,,,,,,,
obs_horses,repeated,3,coco_deeplab,encoder,dinov2_vitb14,linear_stack,False,False,mse,0.973967753133702,-0.0008236564302546,0.9777437811333474,0.7584026024124045,0.0050314696908312,0.2192663037065775,0.0173878375489271,,,,,,,
obs_horses,repeated,3,ade20k_segformer,encoder,dinov2_vitb14,linear_stack,False,False,mse,0.9799302522118996,-0.0764279596443677,1.051604582503874,0.7660607658851661,-0.0162393349428062,-0.0625701137112468,0.032004981080713,,,,,,,
obs_horses,repeated,3,dinov2_vitb14,encoder,dinov2_vitb14,linear_stack,True,False,mse,0.8667008200357347,0.0948981456609689,0.8842294081344184,0.7142013472475551,0.3111186923592577,0.9001050921954044,-0.020751686594503,,,,,,,
obs_horses,repeated,3,siglip2_b16,encoder,dinov2_vitb14,linear_stack,False,False,mse,0.9318824171760368,0.0265238315242954,0.9510269503456412,0.7441283138069433,0.1662240569581421,0.8472508187496234,-0.0077161451252442,,,,,,,
obs_horses,repeated,3,convnext_b,encoder,dinov2_vitb14,linear_stack,False,False,mse,0.9473564087890493,0.0229375369077203,0.9545305418486392,0.7473310978469989,0.1533744582457724,0.9342680786932622,-0.0181308873919581,,,,,,,
obs_horses,repeated,3,vit_b16,encoder,dinov2_vitb14,linear_stack,False,False,mse,0.9449558548589264,0.0309783625753519,0.9466751447053044,0.7453078739877587,0.1840419581402239,1.3774858201978362,-0.0362649201243553,,,,,,,
obs_horses,repeated,3,equal_average,combination,dinov2_vitb14,linear_stack,False,False,mse,0.9186551984350732,0.048673800164769,0.9293877794973342,0.7350743527535024,0.2699126480065197,2.331419463954807,-0.0853502620554393,,,,,,,
obs_horses,repeated,3,linear_stack,combination,dinov2_vitb14,linear_stack,False,True,mse,0.8560586570073583,0.0998832452715946,0.8793592693129554,0.7082958619597014,0.3184370406844762,0.9068493810402828,-0.016324002860136,,,,,,,
obs_horses,repeated,3,greedy_average,combination,dinov2_vitb14,linear_stack,False,False,mse,0.8771576624073057,0.0906119762942497,0.8884167346591946,0.7139630904925586,0.3122632210899231,1.3432398656582254,-0.0403819033678714,,,,,,,
obs_horses,repeated,3,feature_concatenation,combination,dinov2_vitb14,linear_stack,False,False,mse,3.1533750680120805,0.0811758679193638,0.8976352380612352,0.7088785628687726,0.287955469558914,0.8794494093333535,-0.0083528303914608,,,,,,,
obs_horses,repeated,4,resnet50,encoder,dinov2_vitb14,linear_stack,False,False,mse,0.8775856952786429,0.0399346581155753,0.9290083676279424,0.7419213325730937,0.2011449069802913,1.0022438035112402,0.0224229639982996,,,,,,,
obs_horses,repeated,4,vgg16,encoder,dinov2_vitb14,linear_stack,False,False,mse,0.867615935298193,0.0322678816668174,0.9364271329586946,0.7442543762209693,0.1839641340422821,1.210918088166432,0.0133940815957326,,,,,,,
obs_horses,repeated,4,inception_v3,encoder,dinov2_vitb14,linear_stack,False,False,mse,0.8696345497655606,0.0359213893612359,0.9328918119016448,0.7429363833155086,0.1916570273014255,0.9441901221841976,0.0281032165227664,,,,,,,
obs_horses,repeated,4,mobilenet_v2,encoder,dinov2_vitb14,linear_stack,False,False,mse,0.8715150909088859,0.0391208026166831,0.9297958958674544,0.7405407482665625,0.2003375473176861,0.9522849777094868,0.0315928100125868,,,,,,,
obs_horses,repeated,4,coco_deeplab,encoder,dinov2_vitb14,linear_stack,False,False,mse,0.897116119703657,0.0009715615995367,0.9667110542190936,0.7631583319679786,0.0505495546671839,2.6351409382273614,-0.048885765017241,,,,,,,
obs_horses,repeated,4,ade20k_segformer,encoder,dinov2_vitb14,linear_stack,False,False,mse,0.8950255738453002,-0.0003419737255494,0.9679820982355196,0.7619384826443404,0.0344673936672802,0.5306156106452468,0.0450464259154242,,,,,,,
obs_horses,repeated,4,dinov2_vitb14,encoder,dinov2_vitb14,linear_stack,True,False,mse,0.8172438148315851,0.1193637283335422,0.8521487335528675,0.7097921108090449,0.347231202494436,0.9865026629460344,0.0343077399706937,,,,,,,
obs_horses,repeated,4,siglip2_b16,encoder,dinov2_vitb14,linear_stack,False,False,mse,0.8628200411169727,0.0410037744488356,0.927973835939071,0.7426206181364813,0.2044534041386887,1.0524970283310373,0.0236556395824531,,,,,,,
obs_horses,repeated,4,convnext_b,encoder,dinov2_vitb14,linear_stack,False,False,mse,0.8761073078290014,0.0248669843756433,0.9435886200070244,0.751172146654204,0.1604383604377343,1.030429837437589,0.0274787923335951,,,,,,,
obs_horses,repeated,4,vit_b16,encoder,dinov2_vitb14,linear_stack,False,False,mse,0.8758961732558241,0.0291524799250589,0.939441755151946,0.7517977647671004,0.1780336901485282,1.3091724807876706,0.0146227689382535,,,,,,,
obs_horses,repeated,4,equal_average,combination,dinov2_vitb14,linear_stack,False,False,mse,0.8493547066217934,0.0592986748481757,0.9102707538524428,0.7364652557102429,0.3225326827495822,2.860239391569184,-0.0520380318093674,,,,,,,
obs_horses,repeated,4,linear_stack,combination,dinov2_vitb14,linear_stack,False,True,mse,0.8084066977032809,0.1272837231148359,0.8444849412020784,0.7048297100928151,0.3586880525073682,1.0387495707746193,0.0326502519447839,,,,,,,
obs_horses,repeated,4,greedy_average,combination,dinov2_vitb14,linear_stack,False,False,mse,0.8172438148315851,0.1193637283335422,0.8521487335528675,0.7097921108090449,0.347231202494436,0.9865026629460344,0.0343077399706937,,,,,,,
obs_horses,repeated,4,feature_concatenation,combination,dinov2_vitb14,linear_stack,False,False,mse,0.812161536218332,0.1337163120343892,0.8382604388988849,0.6987522972792284,0.3745101391544425,1.243035257866579,0.0252990987877472,,,,,,,
obs_horses,repeated,5,resnet50,encoder,dinov2_vitb14,feature_concatenation,False,False,mse,0.8881644198461356,0.0303621071056006,0.8872712027706449,0.7516980391001014,0.1781316528942453,0.8673082074560702,-0.0170993731078725,,,,,,,
obs_horses,repeated,5,vgg16,encoder,dinov2_vitb14,feature_concatenation,False,False,mse,0.8847991512163179,0.0308406758977782,0.8868332863990225,0.7492243201650405,0.1797803470035278,1.1528672057572231,-0.0375207932397982,,,,,,,
obs_horses,repeated,5,inception_v3,encoder,dinov2_vitb14,feature_concatenation,False,False,mse,0.8806859858587519,0.0358578828461363,0.8822422702307798,0.7482229865795215,0.1926230700484703,0.9142998083557098,-0.024161276764922,,,,,,,
obs_horses,repeated,5,mobilenet_v2,encoder,dinov2_vitb14,feature_concatenation,False,False,mse,0.8714453028689889,0.0405516688149129,0.8779472017803992,0.747184170923522,0.2034922869684926,0.947522776659483,-0.0230490427453451,,,,,,,
obs_horses,repeated,5,coco_deeplab,encoder,dinov2_vitb14,feature_concatenation,False,False,mse,0.9005860775539558,-0.0010272175833236,0.9159941353983752,0.7649860440002676,0.0044792426977032,0.1886166651194584,0.0176864424181214,,,,,,,
obs_horses,repeated,5,ade20k_segformer,encoder,dinov2_vitb14,feature_concatenation,False,False,mse,0.9010797019601632,-0.2819608300654215,1.1730636105832108,0.7782830698517385,0.0397684224214189,0.0695038940914642,0.0250492880473038,,,,,,,
obs_horses,repeated,5,dinov2_vitb14,encoder,dinov2_vitb14,feature_concatenation,True,False,mse,0.8290493720944535,0.08996874172873,0.8327279028617436,0.7259000211774806,0.3040254240298773,0.869626823355233,-0.0127325364455362,,,,,,,
obs_horses,repeated,5,siglip2_b16,encoder,dinov2_vitb14,feature_concatenation,False,False,mse,0.8778758611359163,0.0507107686341616,0.8686510750698544,0.741443731821514,0.2304469273339759,1.182211710605449,-0.0430988785674739,,,,,,,
obs_horses,repeated,5,convnext_b,encoder,dinov2_vitb14,feature_concatenation,False,False,mse,0.8870990680270757,0.0407521378309392,0.8777637617701939,0.748400660666494,0.2085110703636869,1.2790925112670988,-0.0390075305172588,,,,,,,
obs_horses,repeated,5,vit_b16,encoder,dinov2_vitb14,feature_concatenation,False,False,mse,0.8863572598812988,0.015744291937061,0.900647295579635,0.7606499690297448,0.1489119468664812,0.6794453455043358,-0.0162871997012927,,,,,,,
obs_horses,repeated,5,equal_average,combination,dinov2_vitb14,feature_concatenation,False,False,mse,0.8563984743727066,0.0592211825774272,0.8608635852544789,0.7402661623299354,0.2904315145787934,2.1650420181915724,-0.087085858353627,,,,,,,
obs_horses,repeated,5,linear_stack,combination,dinov2_vitb14,feature_concatenation,False,False,mse,0.818134615641772,0.1057905341693581,0.8182501056225298,0.7195022698344893,0.3272364112716366,0.9396340790839892,-0.0245585875398649,,,,,,,
obs_horses,repeated,5,greedy_average,combination,dinov2_vitb14,feature_concatenation,False,False,mse,0.8290493720944535,0.08996874172873,0.8327279028617436,0.7259000211774806,0.3040254240298773,0.869626823355233,-0.0127325364455362,,,,,,,
obs_horses,repeated,5,feature_concatenation,combination,dinov2_vitb14,feature_concatenation,False,True,mse,0.8180337698942115,-49.111954878724966,45.85515356223493,0.9003669807496347,0.0034657708138135,0.0004944419405421,0.0276450610252826,,,,,,,
obs_horses,repeated,6,resnet50,encoder,dinov2_vitb14,feature_concatenation,False,False,mse,0.8727457623298442,0.0285563454942868,0.8776339486303728,0.7389431890376388,0.1859905275793866,0.9041157511724536,0.0751305659207033,,,,,,,
obs_horses,repeated,6,vgg16,encoder,dinov2_vitb14,feature_concatenation,False,False,mse,0.8603688646264465,0.0290701344881457,0.8771697748603844,0.7430542470346383,0.1869198820301344,1.2178069431629894,0.0558156202032543,,,,,,,
obs_horses,repeated,6,inception_v3,encoder,dinov2_vitb14,feature_concatenation,False,False,mse,0.8748182852058888,0.0457079735008376,0.8621386072968731,0.7346076809270288,0.224068821641051,1.074251102129294,0.0584639261951666,,,,,,,
obs_horses,repeated,6,mobilenet_v2,encoder,dinov2_vitb14,feature_concatenation,False,False,mse,0.8780153355364241,0.0475372239700823,0.8604860026348209,0.7370067996974488,0.2303185869419796,1.113093373296025,0.0620778899140636,,,,,,,
obs_horses,repeated,6,coco_deeplab,encoder,dinov2_vitb14,feature_concatenation,False,False,mse,0.8888738283535831,-0.0046734296204538,0.907654813567607,0.7602156282048705,0.0392363353070855,1.5863188154645775,0.0522888474536579,,,,,,,
obs_horses,repeated,6,ade20k_segformer,encoder,dinov2_vitb14,feature_concatenation,False,False,mse,0.9225996945498048,-0.2720033527591903,1.1491694036759554,0.7747857451756718,0.040311842696006,0.0725809115495331,0.1083570638072577,,,,,,,
obs_horses,repeated,6,dinov2_vitb14,encoder,dinov2_vitb14,feature_concatenation,True,False,mse,0.8287136316615931,0.1003941015063636,0.8127333718679421,0.7092403781567004,0.3241927485310668,0.9091996131555896,0.0622646478290836,,,,,,,
obs_horses,repeated,6,siglip2_b16,encoder,dinov2_vitb14,feature_concatenation,False,False,mse,0.8534969708388422,0.0448474966308762,0.8629159902254522,0.7363815823545486,0.2241671142939797,1.06879137233651,0.0656512345563118,,,,,,,
obs_horses,repeated,6,convnext_b,encoder,dinov2_vitb14,feature_concatenation,False,False,mse,0.8768288551352014,0.0230140630212283,0.8826410277632643,0.7458603478124508,0.1681624056346845,0.9664720939475624,0.0701268101198512,,,,,,,
obs_horses,repeated,6,vit_b16,encoder,dinov2_vitb14,feature_concatenation,False,False,mse,0.8680562550195339,0.0179776316879766,0.8871911044429626,0.7509067572754755,0.152332892929877,1.040998980126472,0.0667816505218786,,,,,,,
obs_horses,repeated,6,equal_average,combination,dinov2_vitb14,feature_concatenation,False,False,mse,0.8479456824808613,0.0574458340465477,0.851534240433778,0.732108277134235,0.3053183935333345,2.3370883983923894,0.0139681269235551,,,,,,,
obs_horses,repeated,6,linear_stack,combination,dinov2_vitb14,feature_concatenation,False,False,mse,0.825614175604749,0.1135840946181291,0.8008171009824462,0.7024201532591879,0.3412257024644807,0.9702530727397396,0.0515599905701003,,,,,,,
obs_horses,repeated,6,greedy_average,combination,dinov2_vitb14,feature_concatenation,False,False,mse,0.8287136316615931,0.1003941015063636,0.8127333718679421,0.7092403781567004,0.3241927485310668,0.9091996131555896,0.0622646478290836,,,,,,,
obs_horses,repeated,6,feature_concatenation,combination,dinov2_vitb14,feature_concatenation,False,True,mse,0.8089568781745389,-0.0994353010984423,0.9932657855051892,0.7124306559345713,0.222666840797426,0.3700711217253316,0.0950802563008379,,,,,,,
obs_horses,repeated,7,resnet50,encoder,dinov2_vitb14,linear_stack,False,False,mse,0.9124035416094604,0.033767296175093,1.0791019532543882,0.750723934467083,0.1856937168274037,0.9464460699444188,0.0284585259037052,,,,,,,
obs_horses,repeated,7,vgg16,encoder,dinov2_vitb14,linear_stack,False,False,mse,0.9134676485612152,0.0273803880492655,1.0862349399630284,0.7598594828972404,0.1682698998265842,1.1461881243617602,0.0158066381003314,,,,,,,
obs_horses,repeated,7,inception_v3,encoder,dinov2_vitb14,linear_stack,False,False,mse,0.9136227668387408,0.034727695254311,1.07802936637321,0.7544257302119654,0.1881448959743439,0.9813989339851528,0.0279494101848584,,,,,,,
obs_horses,repeated,7,mobilenet_v2,encoder,dinov2_vitb14,linear_stack,False,False,mse,0.9085383303307556,0.0415388603170631,1.0704225636909384,0.7527661770165937,0.2058553202636039,1.1030635219616212,0.017763900257727,,,,,,,
obs_horses,repeated,7,coco_deeplab,encoder,dinov2_vitb14,linear_stack,False,False,mse,0.9440041789551104,-0.0006153057909463,1.117500915318753,0.7752673163323374,0.0121387110101689,0.5683529991305837,0.046811516709516,,,,,,,
obs_horses,repeated,7,ade20k_segformer,encoder,dinov2_vitb14,linear_stack,False,False,mse,1.0148923209452714,-0.0024431560678561,1.1195422836105338,0.7750758200444949,0.0178261271083578,0.2774534245009634,0.0594032260702918,,,,,,,
obs_horses,repeated,7,dinov2_vitb14,encoder,dinov2_vitb14,linear_stack,True,False,mse,0.8310267574774604,0.091102873823851,1.015068792726057,0.7280642497823545,0.3034971409284219,0.9232873093116902,0.0243538388176556,,,,,,,
obs_horses,repeated,7,siglip2_b16,encoder,dinov2_vitb14,linear_stack,False,False,mse,0.9031949897552954,0.0389679670186203,1.0732937726336451,0.7532820590346012,0.2003684301454949,1.1214255409099922,0.0227827491656133,,,,,,,
obs_horses,repeated,7,convnext_b,encoder,dinov2_vitb14,linear_stack,False,False,mse,0.9118222415341122,0.0333288938033096,1.0795915670439338,0.7547944634904805,0.189401769205232,1.3123959783263217,0.008805962467761,,,,,,,
obs_horses,repeated,7,vit_b16,encoder,dinov2_vitb14,linear_stack,False,False,mse,0.9122442529209198,0.0260518530883759,1.0877186660526004,0.760829900172217,0.1661394324202713,1.235942064909347,0.0134383482125258,,,,,,,
obs_horses,repeated,7,equal_average,combination,dinov2_vitb14,linear_stack,False,False,mse,0.8904232425997225,0.0523509587393462,1.0583474636864796,0.7474509496529051,0.2999448666933355,2.7917598147925022,-0.0597436474456176,,,,,,,
obs_horses,repeated,7,linear_stack,combination,dinov2_vitb14,linear_stack,False,True,mse,0.822479704474315,0.1050019349077711,0.9995461304267088,0.7205268755781398,0.3249324651659857,0.967758840262503,0.0243108855165115,,,,,,,
obs_horses,repeated,7,greedy_average,combination,dinov2_vitb14,linear_stack,False,False,mse,0.8310267574774604,0.091102873823851,1.015068792726057,0.7280642497823545,0.3034971409284219,0.9232873093116902,0.0243538388176556,,,,,,,
obs_horses,repeated,7,feature_concatenation,combination,dinov2_vitb14,linear_stack,False,False,mse,0.8389618778577674,0.0980314402094509,1.0073308746341143,0.7217108301806477,0.3149123228154203,1.1084181829936277,0.0082955782143834,,,,,,,
obs_horses,repeated,8,resnet50,encoder,dinov2_vitb14,linear_stack,False,False,mse,0.9119806927661952,0.0084302557377673,0.9124523049341914,0.7654691061135092,0.1289631662515252,0.5952751075026446,0.0029195276778269,,,,,,,
obs_horses,repeated,8,vgg16,encoder,dinov2_vitb14,linear_stack,False,False,mse,0.9189166491513558,0.0136878151204894,0.9076142466888156,0.7607765768953423,0.1239427400601424,0.7624511723189924,-0.0005832732823983,,,,,,,
obs_horses,repeated,8,inception_v3,encoder,dinov2_vitb14,linear_stack,False,False,mse,0.9073052864078454,0.0238286191853273,0.8982825782949478,0.7565784299599511,0.1611121458078416,0.7816945027588847,0.0009041304242633,,,,,,,
obs_horses,repeated,8,mobilenet_v2,encoder,dinov2_vitb14,linear_stack,False,False,mse,0.9015024378530672,0.0161628930049246,0.9053366554920158,0.7645958080153533,0.1469411487450704,0.669788843717292,0.0042971507061564,,,,,,,
obs_horses,repeated,8,coco_deeplab,encoder,dinov2_vitb14,linear_stack,False,False,mse,0.9529931110445868,-0.0008757263098926,0.9210157618349276,0.7730623386422901,-0.0003004437947638,-0.0110618879628975,0.0397268404333322,,,,,,,
obs_horses,repeated,8,ade20k_segformer,encoder,dinov2_vitb14,linear_stack,False,False,mse,0.9680637987953364,-0.035460270686864,0.952840802296752,0.7783001236203827,0.0246129714402119,0.1149190221395554,0.0334092730170337,,,,,,,
obs_horses,repeated,8,dinov2_vitb14,encoder,dinov2_vitb14,linear_stack,True,False,mse,0.8103543568744211,0.0807682858584453,0.8458861327612779,0.7348585012353215,0.2924970377469948,0.8209140623189032,-0.0140347656468435,,,,,,,
obs_horses,repeated,8,siglip2_b16,encoder,dinov2_vitb14,linear_stack,False,False,mse,0.8861070399203138,0.0174620963993263,0.9041411156536334,0.7603743651512239,0.1451371182759593,0.7181508044622362,-0.0019946837611083,,,,,,,
obs_horses,repeated,8,convnext_b,encoder,dinov2_vitb14,linear_stack,False,False,mse,0.9252285519558852,0.0088787588126709,0.9120395879600864,0.7710288508015523,0.1114489344770616,0.6568732413915412,0.0056508104834379,,,,,,,
obs_horses,repeated,8,vit_b16,encoder,dinov2_vitb14,linear_stack,False,False,mse,0.9165810147163292,0.0107448470328255,0.9103223950873276,0.76964131793367,0.1354875758386215,0.610342669769596,0.0085886333160853,,,,,,,
obs_horses,repeated,8,equal_average,combination,dinov2_vitb14,linear_stack,False,False,mse,0.8852585090941489,0.0440261862276187,0.8796965769486544,0.7537060067859979,0.2381519293042186,1.8822048191534888,-0.0619615181935786,,,,,,,
obs_horses,repeated,8,linear_stack,combination,dinov2_vitb14,linear_stack,False,True,mse,0.7971968935891646,0.0842764744604336,0.8426578628442588,0.7337484736548812,0.297053191381833,0.8397575152165557,-0.0157993714304398,,,,,,,
obs_horses,repeated,8,greedy_average,combination,dinov2_vitb14,linear_stack,False,False,mse,0.8103543568744211,0.0807682858584453,0.8458861327612779,0.7348585012353215,0.2924970377469948,0.8209140623189032,-0.0140347656468435,,,,,,,
obs_horses,repeated,8,feature_concatenation,combination,dinov2_vitb14,linear_stack,False,False,mse,27.62596259674268,0.0892399467905684,0.8380904264190194,0.7326257787260616,0.2989147277933111,0.9848069127869348,-0.0083071533650442,,,,,,,
obs_horses,repeated,9,resnet50,encoder,dinov2_vitb14,feature_concatenation,False,False,mse,0.9508837696806508,0.0439079505300793,0.8221230319368835,0.7157368183427665,0.2096294331359924,1.0237643967529266,0.0019334030478818,,,,,,,
obs_horses,repeated,9,vgg16,encoder,dinov2_vitb14,feature_concatenation,False,False,mse,0.9488877552038804,0.0181057098096935,0.8443098249172976,0.7240151136560998,0.1380600424135403,0.8297507891645564,0.0200471525309894,,,,,,,
obs_horses,repeated,9,inception_v3,encoder,dinov2_vitb14,feature_concatenation,False,False,mse,0.9294587230145686,0.0372426975730487,0.8278543398927423,0.7155525132690896,0.1936093520716311,0.9318716043898592,0.0097895857349749,,,,,,,
obs_horses,repeated,9,mobilenet_v2,encoder,dinov2_vitb14,feature_concatenation,False,False,mse,0.9390199322408596,0.0480900459319145,0.8185269378646524,0.7152516420708307,0.2199475521205776,0.9911560135924252,0.0160102674030833,,,,,,,
obs_horses,repeated,9,coco_deeplab,encoder,dinov2_vitb14,feature_concatenation,False,False,mse,0.9762636931629202,-0.0012224310896375,0.8609296784205991,0.7343222247878924,-0.0084356097784823,-0.3508503951553182,0.0786644491235539,,,,,,,
obs_horses,repeated,9,ade20k_segformer,encoder,dinov2_vitb14,feature_concatenation,False,False,mse,0.9791558933512584,-0.0001618964966294,0.8600177474872112,0.7335223870225159,0.0378694600935164,0.517707695383204,0.0388792196440123,,,,,,,
obs_horses,repeated,9,dinov2_vitb14,encoder,dinov2_vitb14,feature_concatenation,True,False,mse,0.8658834454727703,0.1268083025176564,0.750838798622269,0.6850123576984188,0.356127176382868,1.0085793636631073,0.0022876393979358,,,,,,,
obs_horses,repeated,9,siglip2_b16,encoder,dinov2_vitb14,feature_concatenation,False,False,mse,0.9336688231144856,0.0327595674678417,0.8317092872450434,0.7215454469559757,0.18406079665432,0.8468072273711295,0.0119826100373169,,,,,,,
obs_horses,repeated,9,convnext_b,encoder,dinov2_vitb14,feature_concatenation,False,False,mse,0.9467372433652892,0.0283493055842483,0.8355015767776107,0.7207872791646682,0.1685232289590037,0.993477352941963,0.0068888619379322,,,,,,,
obs_horses,repeated,9,vit_b16,encoder,dinov2_vitb14,feature_concatenation,False,False,mse,0.943699149929122,0.020411007281178,0.8423275491020933,0.7254909114515188,0.1430374840404741,0.9592240119109586,0.0055743328079646,,,,,,,
obs_horses,repeated,9,equal_average,combination,dinov2_vitb14,feature_concatenation,False,False,mse,0.9199230387081369,0.0599139358342647,0.8083598287236472,0.7095985640607234,0.3084292699410858,2.549218968192556,-0.0746939751673578,,,,,,,
obs_horses,repeated,9,linear_stack,combination,dinov2_vitb14,feature_concatenation,False,False,mse,0.8565094805102083,0.1326676170077871,0.745800499855567,0.6807910511906856,0.3643938934811875,1.029991024926581,-0.0002847662513761,,,,,,,
obs_horses,repeated,9,greedy_average,combination,dinov2_vitb14,feature_concatenation,False,False,mse,0.8784127037244638,0.113764152151422,0.7620551835446987,0.6896531778023134,0.3542692664513905,1.4380082518286563,-0.0139100767644933,,,,,,,
obs_horses,repeated,9,feature_concatenation,combination,dinov2_vitb14,feature_concatenation,False,True,mse,0.8563148975912436,0.1292272365068613,0.7487588092045526,0.68253029714879,0.3623203157984124,1.1424315605936932,-0.0118708898642576,,,,,,,
obs_horses,repeated,10,resnet50,encoder,dinov2_vitb14,linear_stack,False,False,mse,1.1491607861521769,0.0262679811295358,0.8961869623766834,0.7637307171710803,0.1683858005074316,0.7895357433915225,0.0176120187302903,,,,,,,
obs_horses,repeated,10,vgg16,encoder,dinov2_vitb14,linear_stack,False,False,mse,1.1437576618827152,0.0215604858656247,0.9005195670350584,0.7629949241571179,0.1485399490334727,0.9099971758247348,0.0196118758543589,,,,,,,
obs_horses,repeated,10,inception_v3,encoder,dinov2_vitb14,linear_stack,False,False,mse,1.1397491702986633,0.0209925588235319,0.9010422660948008,0.7624141384426277,0.1600486142687154,0.7190555833580057,0.0334031396684369,,,,,,,
obs_horses,repeated,10,mobilenet_v2,encoder,dinov2_vitb14,linear_stack,False,False,mse,1.1364281706656985,0.0313354274986776,0.8915230720243501,0.7607107836409653,0.1815982118774255,0.8280483910962587,0.0209670630980015,,,,,,,
obs_horses,repeated,10,coco_deeplab,encoder,dinov2_vitb14,linear_stack,False,False,mse,1.1715786323738486,0.0015344216624526,0.9189508163919606,0.7733624178509747,0.048567791337099,2.38011772510491,-0.0608537313783198,,,,,,,
obs_horses,repeated,10,ade20k_segformer,encoder,dinov2_vitb14,linear_stack,False,False,mse,1.20965897233101,-0.0053063813507501,0.9252468386586732,0.7754023879141914,-0.0012842288539802,-0.0180661555584042,0.0541675703348647,,,,,,,
obs_horses,repeated,10,dinov2_vitb14,encoder,dinov2_vitb14,linear_stack,True,False,mse,1.065891305161448,0.122848658782473,0.8072976761534871,0.719422423666029,0.3506304557781695,1.00968643694215,0.008240946076324,,,,,,,
obs_horses,repeated,10,siglip2_b16,encoder,dinov2_vitb14,linear_stack,False,False,mse,1.1419691985281075,0.0316376235275716,0.8912449419681043,0.7632384759531795,0.1798064247183723,0.8828247360823598,0.0156509737564401,,,,,,,
obs_horses,repeated,10,convnext_b,encoder,dinov2_vitb14,linear_stack,False,False,mse,1.145515342470312,0.0249067154988419,0.8974398209526748,0.7647270323157177,0.1591558224226067,0.9201530215117076,0.0177379294838081,,,,,,,
obs_horses,repeated,10,vit_b16,encoder,dinov2_vitb14,linear_stack,False,False,mse,1.1305476748119176,0.0147558234482373,0.9067823268330892,0.7704899079187078,0.1488856738417399,0.636028845140366,0.0269395895384209,,,,,,,
obs_horses,repeated,10,equal_average,combination,dinov2_vitb14,linear_stack,False,False,mse,1.1180712236574428,0.0553138561891292,0.8694542124672933,0.7525471258917125,0.2826689448308057,2.2364362889541587,-0.038355573283864,,,,,,,
obs_horses,repeated,10,linear_stack,combination,dinov2_vitb14,linear_stack,False,True,mse,1.0640815572608442,0.1218255842849816,0.8082392761095566,0.7215073390345687,0.3495042665489225,1.007525077248016,0.0169116685572272,,,,,,,
obs_horses,repeated,10,greedy_average,combination,dinov2_vitb14,linear_stack,False,False,mse,1.065891305161448,0.122848658782473,0.8072976761534871,0.719422423666029,0.3506304557781695,1.00968643694215,0.008240946076324,,,,,,,
obs_horses,repeated,10,feature_concatenation,combination,dinov2_vitb14,linear_stack,False,False,mse,19.61049078026078,0.1068924551114784,0.821983176293002,0.7291357200583755,0.3282113369663667,1.0573761181910448,0.0199156251592053,,,,,,,
obs_horses,repeated,11,resnet50,encoder,dinov2_vitb14,linear_stack,False,False,mse,0.964094998292346,0.0372873138019436,0.9005273624586403,0.7566903081834848,0.195724588786849,0.9764060622399248,0.0316003119564014,,,,,,,
obs_horses,repeated,11,vgg16,encoder,dinov2_vitb14,linear_stack,False,False,mse,0.9680834756628738,0.0366377022696933,0.9011350130777158,0.75663688547867,0.2006177517300446,1.3260322859089566,0.0196606094402116,,,,,,,
obs_horses,repeated,11,inception_v3,encoder,dinov2_vitb14,linear_stack,False,False,mse,0.970194571940066,0.0493527442807105,0.88924128464774,0.7467726121582009,0.2254484948665282,1.1038317135048812,0.0264225553244468,,,,,,,
obs_horses,repeated,11,mobilenet_v2,encoder,dinov2_vitb14,linear_stack,False,False,mse,0.951320655850054,0.0460035724490781,0.89237412055943,0.7518413545232585,0.2170898399403288,1.102601448887641,0.0208840525565683,,,,,,,
obs_horses,repeated,11,coco_deeplab,encoder,dinov2_vitb14,linear_stack,False,False,mse,0.996277993906485,-0.001347668227124,0.9366667620573652,0.7747398547166515,0.0054231587186161,0.2187638398806944,0.0650045773824276,,,,,,,
obs_horses,repeated,11,ade20k_segformer,encoder,dinov2_vitb14,linear_stack,False,False,mse,1.0003460853219976,-0.0008008488889201,0.93615526388825,0.7756916333003732,0.0469498479542817,0.5119558258744202,0.0520980185508144,,,,,,,
obs_horses,repeated,11,dinov2_vitb14,encoder,dinov2_vitb14,linear_stack,True,False,mse,0.8896066643542268,0.122397598616487,0.8209146790475311,0.7161217594551484,0.3526121301436737,1.030632002707868,0.0403302940910851,,,,,,,
obs_horses,repeated,11,siglip2_b16,encoder,dinov2_vitb14,linear_stack,False,False,mse,0.9553841102451912,0.0489527116105655,0.889615477665561,0.752507931551282,0.2262475741423158,1.1568649406468738,0.0285427513830176,,,,,,,
obs_horses,repeated,11,convnext_b,encoder,dinov2_vitb14,linear_stack,False,False,mse,0.9789838829783354,0.0367104400189537,0.9010669737400904,0.7527542039359761,0.1978531587804636,1.2575183605105065,0.0150469643441212,,,,,,,
obs_horses,repeated,11,vit_b16,encoder,dinov2_vitb14,linear_stack,False,False,mse,0.9803996490311556,0.0314211308753704,0.9060146260153606,0.7616771715334582,0.1851982597120869,1.2996921950432012,0.0184344731333749,,,,,,,
obs_horses,repeated,11,equal_average,combination,dinov2_vitb14,linear_stack,False,False,mse,0.9446065402178898,0.0632286570042994,0.8762616706197713,0.7465782304180166,0.3412389578028066,3.0227903778808387,-0.0552696530565511,,,,,,,
obs_horses,repeated,11,linear_stack,combination,dinov2_vitb14,linear_stack,False,True,mse,0.8815186043999249,0.1400550218750132,0.8043978168281157,0.7090023185013345,0.3797075567170411,1.1473888186572705,0.0353392675081367,,,,,,,
obs_horses,repeated,11,greedy_average,combination,dinov2_vitb14,linear_stack,False,False,mse,0.8896066643542268,0.122397598616487,0.8209146790475311,0.7161217594551484,0.3526121301436737,1.030632002707868,0.0403302940910851,,,,,,,
obs_horses,repeated,11,feature_concatenation,combination,dinov2_vitb14,linear_stack,False,False,mse,0.886845608258955,0.133426267103783,0.8105983947742684,0.7129394547121273,0.3760113579394874,1.2790414191813009,0.0225405307163805,,,,,,,
breakhis,repeated,0,resnet50,encoder,vgg16,linear_stack,False,False,log_loss,0.4086160002193949,,,,,,,0.868959868959869,0.8562747413014793,0.8488880088117721,0.3211730898049634,0.0199827026893068,0.93151355207748,0.0983401159102486
breakhis,repeated,0,vgg16,encoder,vgg16,linear_stack,True,False,log_loss,0.3360956830190486,,,,,,,0.8476658476658476,0.826741440377804,0.8228491285437038,0.3751867081116077,0.0203875975625362,0.9032571706368498,0.1139732790386841
breakhis,repeated,0,inception_v3,encoder,vgg16,linear_stack,False,False,log_loss,0.4039023708407936,,,,,,,0.7936117936117936,0.7840475032988402,0.7686595891852877,0.4332367374762625,0.0219492776289001,0.8730530529266552,0.1401202453131834
breakhis,repeated,0,mobilenet_v2,encoder,vgg16,linear_stack,False,False,log_loss,0.3380435528782257,,,,,,,0.8787878787878788,0.8745572609208974,0.8618980949353159,0.319005689849286,0.0229777435271195,0.9334076230041228,0.0935941659256572
breakhis,repeated,0,coco_deeplab,encoder,vgg16,linear_stack,False,False,log_loss,0.6614207752521505,,,,,,,0.6928746928746928,0.604677408153344,0.609569855339396,0.7006437492916205,0.1543040837638719,0.6735189943746094,0.2381714199280233
breakhis,repeated,0,ade20k_segformer,encoder,vgg16,linear_stack,False,False,log_loss,0.8072380415695352,,,,,,,0.4954954954954955,0.5490138204041948,0.4926775307576084,0.7449227738518601,0.1099474593995143,0.5364876980093314,0.2593362672218313
breakhis,repeated,0,dinov2_vitb14,encoder,vgg16,linear_stack,False,False,log_loss,0.3954936407271527,,,,,,,0.8509418509418509,0.8462740468088061,0.8314733023109078,0.3571878294391485,0.0255190106384797,0.9201333425932356,0.108326140714492
breakhis,repeated,0,siglip2_b16,encoder,vgg16,linear_stack,False,False,log_loss,0.3587700661392257,,,,,,,0.8918918918918919,0.8862421001458435,0.87600933014943,0.2711303159502686,0.0184023994426312,0.952326234776405,0.0817159262875764
breakhis,repeated,0,convnext_b,encoder,vgg16,linear_stack,False,False,log_loss,0.3658311762147366,,,,,,,0.8763308763308764,0.8593478713799569,0.8558746944477233,0.2709909109531462,0.0094871558835602,0.9496240269210614,0.0850399623646306
breakhis,repeated,0,vit_b16,encoder,vgg16,linear_stack,False,False,log_loss,0.34385283978747,,,,,,,0.8886158886158886,0.8861205639280505,0.8730955466973173,0.2769425173847347,0.017394832198265,0.9549211119459052,0.0826318661016464
breakhis,repeated,0,equal_average,combination,vgg16,linear_stack,False,False,log_loss,0.3237180069146135,,,,,,,0.9295659295659296,0.922355719147163,0.9179743157105362,0.3134772616483048,0.1691962899025961,0.9803521709209604,0.0830968943351209
breakhis,repeated,0,linear_stack,combination,vgg16,linear_stack,False,True,log_loss,0.2624770207219937,,,,,,,0.9271089271089272,0.9190916035835822,0.9150519722241548,0.2260578743543624,0.0686850710954612,0.9751908276458592,0.0606126343885266
breakhis,repeated,0,greedy_average,combination,vgg16,linear_stack,False,False,log_loss,0.2646770277131022,,,,,,,0.9295659295659296,0.921609139523578,0.9178562488265848,0.2418307220721461,0.0959436561594668,0.9759894942199268,0.0668503014954193
breakhis,repeated,0,feature_concatenation,combination,vgg16,linear_stack,False,False,log_loss,0.2679394747206214,,,,,,,0.9107289107289108,0.9028057503993332,0.8965525282211082,0.254677956505703,0.0298598326165917,0.9641736484225544,0.0683962124758792
breakhis,repeated,1,resnet50,encoder,vgg16,equal_average,False,False,log_loss,0.5562818175116473,,,,,,,0.8718395815170009,0.8473616473616474,0.851554762011669,0.3129904597479231,0.014643115973991,0.9241017078854916,0.0959587197762995
breakhis,repeated,1,vgg16,encoder,vgg16,equal_average,True,False,log_loss,0.4166866473389376,,,,,,,0.8378378378378378,0.8187258687258687,0.8160185031873499,0.3870904020324058,0.0215538479168706,0.8865490973599082,0.1208929558178488
breakhis,repeated,1,inception_v3,encoder,vgg16,equal_average,False,False,log_loss,0.588265352262619,,,,,,,0.7279860505666957,0.7220720720720721,0.7061003252192766,0.6011497578099395,0.0978220591861028,0.7915614456154997,0.1924960393256682
breakhis,repeated,1,mobilenet_v2,encoder,vgg16,equal_average,False,False,log_loss,0.5452735945724714,,,,,,,0.8404533565823888,0.8199485199485199,0.8183633045433187,0.3821332861854524,0.0247299075772121,0.8998226025253052,0.1158025119309914
breakhis,repeated,1,coco_deeplab,encoder,vgg16,equal_average,False,False,log_loss,0.6543691521215824,,,,,,,0.6974716652136007,0.6202702702702703,0.6257924699489001,0.6734299929035846,0.1481957155367739,0.7149848690389231,0.2322869030900716
breakhis,repeated,1,ade20k_segformer,encoder,vgg16,equal_average,False,False,log_loss,0.8180701975905837,,,,,,,0.6059285091543156,0.636936936936937,0.5982075875281324,0.6486152825761035,0.0258382674428126,0.6508765522279035,0.2284486682429095
breakhis,repeated,1,dinov2_vitb14,encoder,vgg16,equal_average,False,False,log_loss,0.5060766941064109,,,,,,,0.8238884045335658,0.8055984555984556,0.8012643244356001,0.402938988163061,0.0499428672400083,0.897429475807854,0.1262151722737336
breakhis,repeated,1,siglip2_b16,encoder,vgg16,equal_average,False,False,log_loss,0.511024669619591,,,,,,,0.8430688753269399,0.8395752895752895,0.8266498740554156,0.3609523759826684,0.0381854886245729,0.9210859508156806,0.1130186505955642
breakhis,repeated,1,convnext_b,encoder,vgg16,equal_average,False,False,log_loss,0.5414978415161081,,,,,,,0.8360941586748039,0.8259330759330759,0.817172100847176,0.3701615871367125,0.040118792899935,0.9099725207833316,0.1151431291295941
breakhis,repeated,1,vit_b16,encoder,vgg16,equal_average,False,False,log_loss,0.6089760678868065,,,,,,,0.8648648648648649,0.842921492921493,0.8446224610277981,0.3483347915563601,0.0277725612531763,0.9014991825802636,0.1036426737854049
breakhis,repeated,1,equal_average,combination,vgg16,equal_average,False,True,log_loss,0.3965581832626619,,,,,,,0.8805579773321709,0.8566280566280566,0.86144570345806,0.353490951044356,0.1183180099607097,0.9326620056349786,0.1023705700658793
breakhis,repeated,1,linear_stack,combination,vgg16,equal_average,False,False,log_loss,0.4309215472463729,,,,,,,0.8744551002615518,0.8507078507078507,0.8546926135763804,0.2975432129275139,0.0247019323277303,0.931437615221399,0.091129892327774
breakhis,repeated,1,greedy_average,combination,vgg16,equal_average,False,False,log_loss,0.4256162346558794,,,,,,,0.8866608544027899,0.8682110682110682,0.8697774750227066,0.2806289915392766,0.0446001026561039,0.944102403561863,0.0856018935170882
breakhis,repeated,1,feature_concatenation,combination,vgg16,equal_average,False,False,log_loss,0.7077023707398565,,,,,,,0.907585004359198,0.8815315315315315,0.8913825757575757,0.241855325517801,0.0361806827924363,0.9616751887022156,0.0699325536711745
breakhis,repeated,2,resnet50,encoder,mobilenet_v2,greedy_average,False,False,log_loss,0.433124300555201,,,,,,,0.8052588331963846,0.7189045991786062,0.7404872123625076,0.5194986781569959,0.083204622264826,0.8412452581747499,0.1468936725770249
breakhis,repeated,2,vgg16,encoder,mobilenet_v2,greedy_average,False,False,log_loss,0.3999223583182121,,,,,,,0.780608052588332,0.6895789572687087,0.7069952903049534,0.5486902861639845,0.0717968470514083,0.7848136188356273,0.1633016002407211
breakhis,repeated,2,inception_v3,encoder,mobilenet_v2,greedy_average,False,False,log_loss,0.4973994837663296,,,,,,,0.6688578471651603,0.5740571213593755,0.5758037829455218,0.7772739669928723,0.1615415297930918,0.6538295137473744,0.2355318679921355
breakhis,repeated,2,mobilenet_v2,encoder,mobilenet_v2,greedy_average,True,False,log_loss,0.3758826879780196,,,,,,,0.7847165160230074,0.6947032636298085,0.7127979621836629,0.5781249052799229,0.1018328865939567,0.8063799103363952,0.1637693779686849
breakhis,repeated,2,coco_deeplab,encoder,mobilenet_v2,greedy_average,False,False,log_loss,0.6785875675467679,,,,,,,0.6894001643385373,0.566304041132395,0.5605440539239287,0.668656944087748,0.1396240551725283,0.5830109414678497,0.2349425330400104
breakhis,repeated,2,ade20k_segformer,encoder,mobilenet_v2,greedy_average,False,False,log_loss,0.7076045903725225,,,,,,,0.5209531635168447,0.5756278019876477,0.5187684189464618,0.7763610764371413,0.0782414836342267,0.5646847665924696,0.2506238068345183
breakhis,repeated,2,dinov2_vitb14,encoder,mobilenet_v2,greedy_average,False,False,log_loss,0.4388429682355041,,,,,,,0.7600657354149548,0.663247327334859,0.6770592511813887,0.5558934805112913,0.1103984515132833,0.8306455152522181,0.1738503904329313
breakhis,repeated,2,siglip2_b16,encoder,mobilenet_v2,greedy_average,False,False,log_loss,0.4281611920265047,,,,,,,0.8052588331963846,0.7352368561306706,0.7524735141536758,0.5149221871065878,0.077392719286071,0.8455779540395648,0.1473058721452732
breakhis,repeated,2,convnext_b,encoder,mobilenet_v2,greedy_average,False,False,log_loss,0.4712374614505418,,,,,,,0.7748562037797864,0.6690550835501772,0.685383738659179,0.5695299182024739,0.1144605692250903,0.8315860425745367,0.1665032622060501
breakhis,repeated,2,vit_b16,encoder,mobilenet_v2,greedy_average,False,False,log_loss,0.383748818950046,,,,,,,0.7912900575184881,0.6952330940213813,0.7152162056588616,0.613256811108755,0.0939516880207206,0.7914882277330155,0.1623399856035735
breakhis,repeated,2,equal_average,combination,mobilenet_v2,greedy_average,False,False,log_loss,0.3542214046111387,,,,,,,0.8060805258833197,0.6996206539799981,0.7235326279474503,0.4435608113782491,0.0369853693439835,0.8612471392293946,0.1402269701793918
breakhis,repeated,2,linear_stack,combination,mobilenet_v2,greedy_average,False,False,log_loss,0.316668205771622,,,,,,,0.8069022185702547,0.7009295545035583,0.7250558309852114,0.4711258546499563,0.0805767823176474,0.8665673887826442,0.1451375138938374
breakhis,repeated,2,greedy_average,combination,mobilenet_v2,greedy_average,False,True,log_loss,0.2976412858139187,,,,,,,0.8175842235004108,0.7193654575665422,0.7457138016715609,0.4419674427840926,0.0306370276881433,0.8583409098034298,0.1340774300492731
breakhis,repeated,2,feature_concatenation,combination,mobilenet_v2,greedy_average,False,False,log_loss,0.3795756190320404,,,,,,,0.8586688578471652,0.7826801893595009,0.8126821061674482,0.5469896068591779,0.0927977594562405,0.9073956798444994,0.1190584400233097
breakhis,repeated,3,resnet50,encoder,dinov2_vitb14,greedy_average,False,False,log_loss,0.5955966120243743,,,,,,,0.8691189050470488,0.8159386954955934,0.836522475109156,0.3691047778560551,0.0512547252844559,0.8993490388470241,0.1032891059926891
breakhis,repeated,3,vgg16,encoder,dinov2_vitb14,greedy_average,False,False,log_loss,0.5939954713348952,,,,,,,0.8588537211291702,0.8121521808557626,0.8272508174654138,0.362756797863609,0.0233191074645219,0.8849640204665448,0.1089962482664247
breakhis,repeated,3,inception_v3,encoder,dinov2_vitb14,greedy_average,False,False,log_loss,0.5735821276016306,,,,,,,0.7998289136013687,0.7610062038364579,0.7644590098436994,0.4328165903643272,0.0305910018203045,0.851705885150883,0.1387089341856082
breakhis,repeated,3,mobilenet_v2,encoder,dinov2_vitb14,greedy_average,False,False,log_loss,0.503232662495438,,,,,,,0.8682634730538922,0.8108815155571562,0.8336899245430829,0.4401458908669893,0.0583841910993716,0.8703139970237893,0.108825246786416
breakhis,repeated,3,coco_deeplab,encoder,dinov2_vitb14,greedy_average,False,False,log_loss,0.6861613965478981,,,,,,,0.7211291702309667,0.6208864759083218,0.6279599662610706,0.6423246768248723,0.1603864958527119,0.7426019420114564,0.2240661663599692
breakhis,repeated,3,ade20k_segformer,encoder,dinov2_vitb14,greedy_average,False,False,log_loss,0.6498385036568242,,,,,,,0.5055603079555175,0.5384138427772531,0.4992722691566622,0.8658479997701546,0.107794693398314,0.5236941705681301,0.2547959492622897
breakhis,repeated,3,dinov2_vitb14,encoder,dinov2_vitb14,greedy_average,True,False,log_loss,0.4225083447203811,,,,,,,0.8289136013686912,0.7822032113177546,0.7929859605876437,0.4255070490601808,0.0636787941301381,0.871241514741756,0.1286503607565515
breakhis,repeated,3,siglip2_b16,encoder,dinov2_vitb14,greedy_average,False,False,log_loss,0.4451970581603615,,,,,,,0.8656971770744226,0.814922842756868,0.8335097721716491,0.3480228789117155,0.0549870883379706,0.9205358538259256,0.1046806003422309
breakhis,repeated,3,convnext_b,encoder,dinov2_vitb14,greedy_average,False,False,log_loss,0.596415184551797,,,,,,,0.8520102651839179,0.7857349133977046,0.809938527960333,0.3879962481832816,0.0533181349780632,0.8913683094715528,0.1096233899956262
breakhis,repeated,3,vit_b16,encoder,dinov2_vitb14,greedy_average,False,False,log_loss,0.5994924593883514,,,,,,,0.8331907613344739,0.7668465077089293,0.7875133879009729,0.5461652238790233,0.0762617821706249,0.822677638329245,0.1361515499813147
breakhis,repeated,3,equal_average,combination,dinov2_vitb14,greedy_average,False,False,log_loss,0.3808680178616861,,,,,,,0.8853721129170231,0.8218724306400211,0.851704799339589,0.3442479891336178,0.0870631746786504,0.9202810412660446,0.0987545447216177
breakhis,repeated,3,linear_stack,combination,dinov2_vitb14,greedy_average,False,False,log_loss,0.4283961141331602,,,,,,,0.88366124893071,0.8198865914233491,0.8494914381357024,0.3340549393126323,0.0420348971124455,0.9106864990113273,0.0968738563922921
breakhis,repeated,3,greedy_average,combination,dinov2_vitb14,greedy_average,False,True,log_loss,0.3671725941987094,,,,,,,0.88366124893071,0.8206255478470037,0.8498076588798114,0.3074235023471845,0.0203061233212503,0.917855225695978,0.0924029927678292
breakhis,repeated,3,feature_concatenation,combination,dinov2_vitb14,greedy_average,False,False,log_loss,0.4491580322429127,,,,,,,0.8708297690333618,0.8053622755101347,0.8330671205995697,0.675262646677617,0.0929284755394457,0.8907839393342257,0.1147697811838001
breakhis,repeated,4,resnet50,encoder,mobilenet_v2,linear_stack,False,False,log_loss,0.2594457421677499,,,,,,,0.9006568144499179,0.8566103504584851,0.8769079402889337,0.2535069237686737,0.0250672117148123,0.9519312900389398,0.0764620298143539
breakhis,repeated,4,vgg16,encoder,mobilenet_v2,linear_stack,False,False,log_loss,0.2550601242401983,,,,,,,0.8530377668308703,0.8033067453837457,0.8188709153489748,0.3532935323822438,0.0100260455752682,0.902776033161663,0.1092888801352542
breakhis,repeated,4,inception_v3,encoder,mobilenet_v2,linear_stack,False,False,log_loss,0.3334469802641889,,,,,,,0.8078817733990148,0.7625800778796634,0.7696887616080057,0.4731205535164302,0.0583860718109606,0.8350960934555961,0.1453488899708128
breakhis,repeated,4,mobilenet_v2,encoder,mobilenet_v2,linear_stack,True,False,log_loss,0.2335907887272692,,,,,,,0.896551724137931,0.8593801030021354,0.8741372296871719,0.2629651976448953,0.0088978818864917,0.9480655696520538,0.0773571592305925
breakhis,repeated,4,coco_deeplab,encoder,mobilenet_v2,linear_stack,False,False,log_loss,0.6422541986197721,,,,,,,0.674055829228243,0.5646464012058787,0.5634901219132389,0.6651008563075422,0.1247970086494711,0.6481503579952268,0.2326990742251453
breakhis,repeated,4,ade20k_segformer,encoder,mobilenet_v2,linear_stack,False,False,log_loss,0.7158771382644799,,,,,,,0.5385878489326765,0.5870116819495038,0.5346530884172457,0.6928194704245287,0.06551911490625,0.5765214797136038,0.2432371852091197
breakhis,repeated,4,dinov2_vitb14,encoder,mobilenet_v2,linear_stack,False,False,log_loss,0.3606192010223382,,,,,,,0.8702791461412152,0.8381296319557845,0.8454736706868586,0.299065357844874,0.0340464734017913,0.9394454214294689,0.0900975405219779
breakhis,repeated,4,siglip2_b16,encoder,mobilenet_v2,linear_stack,False,False,log_loss,0.3038146000302114,,,,,,,0.9277504105090312,0.9029079261399322,0.9135255847575774,0.1897213253808528,0.0116128691173776,0.97230875518151,0.0566017703296221
breakhis,repeated,4,convnext_b,encoder,mobilenet_v2,linear_stack,False,False,log_loss,0.3193211714374457,,,,,,,0.9039408866995072,0.8776943851274965,0.8856617897789956,0.2513091323127315,0.0139273324146411,0.9504930285140056,0.074880606665721
breakhis,repeated,4,vit_b16,encoder,mobilenet_v2,linear_stack,False,False,log_loss,0.2979220825397879,,,,,,,0.8932676518883416,0.8533978143449316,0.8694774812797372,0.2825587419523341,0.0247283469119224,0.9356707700037684,0.0823161138116809
breakhis,repeated,4,equal_average,combination,mobilenet_v2,linear_stack,False,False,log_loss,0.2823590478192811,,,,,,,0.922824302134647,0.8820688355734204,0.9042891488913484,0.2919858711510438,0.1297402584071195,0.9706914960432108,0.0769539801031077
breakhis,repeated,4,linear_stack,combination,mobilenet_v2,linear_stack,False,True,log_loss,0.1761676778330273,,,,,,,0.9154351395730708,0.8752606456475317,0.8955909927319665,0.231591022419872,0.0369342052496502,0.968150986057028,0.0660982319549648
breakhis,repeated,4,greedy_average,combination,mobilenet_v2,linear_stack,False,False,log_loss,0.2190835818837354,,,,,,,0.9236453201970444,0.8855420173345057,0.9058938275276796,0.2209547188681234,0.0560574208213643,0.9728551689486244,0.0620118910380107
breakhis,repeated,4,feature_concatenation,combination,mobilenet_v2,linear_stack,False,False,log_loss,0.1835267966032143,,,,,,,0.929392446633826,0.8983481974626304,0.9142379930897836,0.183715354508093,0.025192456027913,0.9803636477829418,0.0517982541669177
breakhis,repeated,5,resnet50,encoder,vgg16,equal_average,False,False,log_loss,0.6263763407977501,,,,,,,0.8091603053435115,0.8046174085576259,0.7891020836070177,0.4797581266800046,0.0578073094721096,0.8692632850241546,0.1445826689009478
breakhis,repeated,5,vgg16,encoder,vgg16,equal_average,True,False,log_loss,0.471135620540233,,,,,,,0.7786259541984732,0.771251186162871,0.7561141583466864,0.5201664352594347,0.0449973656425076,0.8313357272256728,0.1627648724692005
breakhis,repeated,5,inception_v3,encoder,vgg16,equal_average,False,False,log_loss,0.5198919228832107,,,,,,,0.667175572519084,0.676134403036577,0.649522846427239,0.7585116449126621,0.1335921763036257,0.7238181504485852,0.239085274197512
breakhis,repeated,5,mobilenet_v2,encoder,vgg16,equal_average,False,False,log_loss,0.7033581632601927,,,,,,,0.766412213740458,0.761023227225673,0.744203320264641,0.543887329159864,0.077787154898953,0.8412806245686679,0.1675399531263737
breakhis,repeated,5,coco_deeplab,encoder,vgg16,equal_average,False,False,log_loss,0.6367358963943108,,,,,,,0.6580152671755726,0.5641875862663907,0.5649079521730879,0.6763649695469821,0.1159206461788329,0.6789946730503796,0.2372831894319972
breakhis,repeated,5,ade20k_segformer,encoder,vgg16,equal_average,False,False,log_loss,0.7813584586569581,,,,,,,0.5198473282442748,0.5593377976190476,0.5151457022499513,0.7857826575671272,0.0859863713664777,0.5703354145100069,0.2549170809642737
breakhis,repeated,5,dinov2_vitb14,encoder,vgg16,equal_average,False,False,log_loss,0.5425826699876333,,,,,,,0.749618320610687,0.7526446040372672,0.7301337272546847,0.6554967632303742,0.1111459155136756,0.8276559265010353,0.1862146981055894
breakhis,repeated,5,siglip2_b16,encoder,vgg16,equal_average,False,False,log_loss,0.5263780693694492,,,,,,,0.7801526717557252,0.7873102139406487,0.7628339233987769,0.5343862087130452,0.0770237038178983,0.8654244306418218,0.1589951897953823
breakhis,repeated,5,convnext_b,encoder,vgg16,equal_average,False,False,log_loss,0.5684701118787885,,,,,,,0.7908396946564885,0.795772407694962,0.773130637919178,0.5405594389191591,0.0742566540154292,0.8748517296411318,0.153288327324183
breakhis,repeated,5,vit_b16,encoder,vgg16,equal_average,False,False,log_loss,0.6208720366813879,,,,,,,0.7916030534351145,0.7774893245341614,0.7670883602793923,0.5110647679429444,0.0628291780192812,0.8433024930986888,0.1540473464949742
breakhis,repeated,5,equal_average,combination,vgg16,equal_average,False,True,log_loss,0.4114322129011057,,,,,,,0.8282442748091603,0.8166192201518289,0.8069586573884568,0.4413957243229515,0.0986026141154579,0.8855406746031746,0.1372835921044354
breakhis,repeated,5,linear_stack,combination,vgg16,equal_average,False,False,log_loss,0.44589287720056,,,,,,,0.8389312977099237,0.8263808014147688,0.8181334880853453,0.3876803020963801,0.0230923343091533,0.8946148205659075,0.1205788414325877
breakhis,repeated,5,greedy_average,combination,vgg16,equal_average,False,False,log_loss,0.4251515186554299,,,,,,,0.8320610687022901,0.8213584799861974,0.8113558292488794,0.4011030251440407,0.038121303502669,0.8947118702553486,0.1256329589230788
breakhis,repeated,5,feature_concatenation,combination,vgg16,equal_average,False,False,log_loss,0.7565299075163477,,,,,,,0.8587786259541985,0.844138198757764,0.8390149187701231,0.3839603106891184,0.0535823440003638,0.9223467693236715,0.105355714440236
breakhis,repeated,6,resnet50,encoder,siglip2_b16,feature_concatenation,False,False,log_loss,0.2037607027178566,,,,,,,0.8180227471566054,0.8084567392416576,0.7963334818216085,0.3966505653125982,0.0293914865788559,0.8986058211585468,0.1255701991743871
breakhis,repeated,6,vgg16,encoder,siglip2_b16,feature_concatenation,False,False,log_loss,0.2166211106688715,,,,,,,0.8092738407699037,0.7915091524074811,0.7839971289078753,0.4444406719632344,0.0324152049596371,0.8736036893866183,0.1393099765692598
breakhis,repeated,6,inception_v3,encoder,siglip2_b16,feature_concatenation,False,False,log_loss,0.3600202767195661,,,,,,,0.7112860892388452,0.6891254760957308,0.6792951107362464,0.570466391771928,0.0662948694838745,0.7707812233528508,0.1924293090627392
breakhis,repeated,6,mobilenet_v2,encoder,siglip2_b16,feature_concatenation,False,False,log_loss,0.1956419028212561,,,,,,,0.8197725284339458,0.7976522085157183,0.7936027349228612,0.4131554330606213,0.0481591292626078,0.8908390654311864,0.1278709401909518
breakhis,repeated,6,coco_deeplab,encoder,siglip2_b16,feature_concatenation,False,False,log_loss,0.6647689480475968,,,,,,,0.7042869641294838,0.6168282076061622,0.6229004146461452,0.6680373547556518,0.15747204182928,0.6826715365812064,0.2335595026186701
breakhis,repeated,6,ade20k_segformer,encoder,siglip2_b16,feature_concatenation,False,False,log_loss,0.6919641278005922,,,,,,,0.4750656167979002,0.5086265704053209,0.4698843608929565,0.7369526302509423,0.146238081684795,0.4973015320334262,0.2646347525227884
breakhis,repeated,6,dinov2_vitb14,encoder,siglip2_b16,feature_concatenation,False,False,log_loss,0.2509210708658632,,,,,,,0.7935258092738408,0.7913545989426412,0.7730921938088828,0.4901047734912513,0.0600598952092064,0.8655136149167189,0.1498196889911394
breakhis,repeated,6,siglip2_b16,encoder,siglip2_b16,feature_concatenation,True,False,log_loss,0.1576902868397022,,,,,,,0.8398950131233596,0.8357256551645729,0.8213795606413186,0.3993727606155416,0.0527826468620246,0.9163670342788928,0.1165960649868243
breakhis,repeated,6,convnext_b,encoder,siglip2_b16,feature_concatenation,False,False,log_loss,0.1867475883944247,,,,,,,0.8258967629046369,0.8194815530669093,0.8057624730471169,0.4280542114636875,0.0379418821200807,0.8980870899891991,0.1242839076023108
breakhis,repeated,6,vit_b16,encoder,siglip2_b16,feature_concatenation,False,False,log_loss,0.238301703879647,,,,,,,0.8241469816272966,0.8159410351884486,0.8033131717841044,0.4098827760307621,0.0186582207363005,0.8900929452560967,0.1260998734206841
breakhis,repeated,6,equal_average,combination,siglip2_b16,feature_concatenation,False,False,log_loss,0.253959069018051,,,,,,,0.8792650918635171,0.8644246347564095,0.8611349790470824,0.3834455001726708,0.1447220750995617,0.9385303564322665,0.1124564897831831
breakhis,repeated,6,linear_stack,combination,siglip2_b16,feature_concatenation,False,False,log_loss,0.1387681996944093,,,,,,,0.8818897637795275,0.8633178898300267,0.863043669281149,0.3068590730492062,0.0493983043747019,0.939621113069183,0.0913358356830143
breakhis,repeated,6,greedy_average,combination,siglip2_b16,feature_concatenation,False,False,log_loss,0.1648597947376976,,,,,,,0.8775153105861767,0.8669241373429595,0.8603235897937238,0.3264433284708072,0.0722141739533084,0.939155676198056,0.097906917629534
breakhis,repeated,6,feature_concatenation,combination,siglip2_b16,feature_concatenation,False,True,log_loss,0.1140051445357017,,,,,,,0.8915135608048994,0.8831682394406231,0.8762866081030125,0.3155370388216666,0.0412288071583108,0.9508768688533912,0.082011091306912
breakhis,repeated,7,resnet50,encoder,vgg16,equal_average,False,False,log_loss,0.5969602924694598,,,,,,,0.8297161936560935,0.8126946939411246,0.8058538104422928,0.3706490905563775,0.0251103235262795,0.9082894190332796,0.1165397943381159
breakhis,repeated,7,vgg16,encoder,vgg16,equal_average,True,False,log_loss,0.4663072820743171,,,,,,,0.827212020033389,0.8181753283837807,0.8058962347222711,0.4023219868177328,0.0345339110255583,0.8992004568817819,0.1259577877953026
breakhis,repeated,7,inception_v3,encoder,vgg16,equal_average,False,False,log_loss,0.5052663662262165,,,,,,,0.7328881469115192,0.7028808213488397,0.6970587770455012,0.5537936523676018,0.086826722130543,0.7812191734593219,0.1862331979825433
breakhis,repeated,7,mobilenet_v2,encoder,vgg16,equal_average,False,False,log_loss,0.6449179952061993,,,,,,,0.8155258764607679,0.791427625772286,0.7878057088357517,0.429480235329699,0.0527695551598071,0.8815222470276727,0.1317570180681428
breakhis,repeated,7,coco_deeplab,encoder,vgg16,equal_average,False,False,log_loss,0.6549856471362453,,,,,,,0.6836393989983306,0.5780073724105705,0.5791211490598307,0.667526745285321,0.1380404030934811,0.6880743471263173,0.2330091727310589
breakhis,repeated,7,ade20k_segformer,encoder,vgg16,equal_average,False,False,log_loss,0.8352363141090045,,,,,,,0.5767946577629383,0.6288354706401537,0.5727192467191693,0.7028296507188831,0.0404927198738144,0.6036063807694305,0.2398600251045224
breakhis,repeated,7,dinov2_vitb14,encoder,vgg16,equal_average,False,False,log_loss,0.4935263794283591,,,,,,,0.7846410684474123,0.7748169876953429,0.7605492390788997,0.5078830995581438,0.0630845179906985,0.8529768703597944,0.1545584510852086
breakhis,repeated,7,siglip2_b16,encoder,vgg16,equal_average,False,False,log_loss,0.597042518114017,,,,,,,0.83889816360601,0.8383521104823217,0.8209812452044538,0.4210359565785652,0.0418503449698899,0.9073808473080316,0.1232136334713064
breakhis,repeated,7,convnext_b,encoder,vgg16,equal_average,False,False,log_loss,0.5391977993926748,,,,,,,0.8088480801335559,0.7894936659571155,0.7824952529701146,0.4482227530297712,0.0411697097284319,0.8808830019209802,0.1354507292747016
breakhis,repeated,7,vit_b16,encoder,vgg16,equal_average,False,False,log_loss,0.6342576294301534,,,,,,,0.8313856427378965,0.8087975702196147,0.8056425627335139,0.4119380585797983,0.0315370317086594,0.8823107574892269,0.124649288230469
breakhis,repeated,7,equal_average,combination,vgg16,equal_average,False,True,log_loss,0.4065656742249024,,,,,,,0.8781302170283807,0.8566500960490109,0.8576928584446353,0.3817711270821356,0.1429558978950138,0.9406345724521052,0.1119114485904764
breakhis,repeated,7,linear_stack,combination,vgg16,equal_average,False,False,log_loss,0.4324973870448513,,,,,,,0.8831385642737897,0.8690521000986449,0.8652968256568908,0.2979709832547297,0.0378409986307032,0.9438600020767354,0.0882270703588579
breakhis,repeated,7,greedy_average,combination,vgg16,equal_average,False,False,log_loss,0.4427470581518878,,,,,,,0.8597662771285476,0.8476811951612067,0.8401149027171824,0.3319156876521066,0.0490685640221927,0.9358451015004414,0.100782919813454
breakhis,repeated,7,feature_concatenation,combination,vgg16,equal_average,False,False,log_loss,0.7325465490894444,,,,,,,0.8781302170283807,0.8646812211203987,0.8599144628297746,0.3483094588407869,0.0499997867570738,0.9390186127407716,0.0926384295048083
breakhis,repeated,8,resnet50,encoder,siglip2_b16,linear_stack,False,False,log_loss,0.5179812547768737,,,,,,,0.9000825763831544,0.9087626376658888,0.8899171134785819,0.2605473527289855,0.0177102635262353,0.966599558465668,0.0744979834516023
breakhis,repeated,8,vgg16,encoder,siglip2_b16,linear_stack,False,False,log_loss,0.4713896159371891,,,,,,,0.9223781998348471,0.908701487669652,0.9103861220274084,0.2456255408838455,0.0537108252927861,0.9671138456135068,0.0658720557166618
breakhis,repeated,8,inception_v3,encoder,siglip2_b16,linear_stack,False,False,log_loss,0.6572266179159995,,,,,,,0.9182493806771264,0.9104638619201726,0.906827693132672,0.231889598321363,0.062597376599146,0.9728023632121622,0.0653591779072904
breakhis,repeated,8,mobilenet_v2,encoder,siglip2_b16,linear_stack,False,False,log_loss,0.5492262764974629,,,,,,,0.93476465730801,0.937674042296982,0.926775765563661,0.1927016714527805,0.0260857644386905,0.9800086550763903,0.0523695749566051
breakhis,repeated,8,coco_deeplab,encoder,siglip2_b16,linear_stack,False,False,log_loss,0.6796542852523105,,,,,,,0.7167630057803468,0.627422480620155,0.6346907993966817,0.6407097249785617,0.1581156267377068,0.7348567522139435,0.224477253139079
breakhis,repeated,8,ade20k_segformer,encoder,siglip2_b16,linear_stack,False,False,log_loss,0.6851823595543478,,,,,,,0.5359207266721717,0.6137578083841349,0.5359052201474014,0.7120925860835883,0.0968089648821819,0.6433418629738341,0.241000177042095
breakhis,repeated,8,dinov2_vitb14,encoder,siglip2_b16,linear_stack,False,False,log_loss,0.5364962686236193,,,,,,,0.9397192402972748,0.9481667544717896,0.9329022219692226,0.1900639510817973,0.0310988654756967,0.9839598856024686,0.0509736515794123
breakhis,repeated,8,siglip2_b16,encoder,siglip2_b16,linear_stack,True,False,log_loss,0.4473741004036448,,,,,,,0.9339388934764656,0.9432339881086776,0.9266816007749592,0.2008951918884714,0.0142999623965667,0.9808647550237074,0.0536188681379577
breakhis,repeated,8,convnext_b,encoder,siglip2_b16,linear_stack,False,False,log_loss,0.4953347722549849,,,,,,,0.9644921552436004,0.9650002508717794,0.959637119308964,0.1337948085267649,0.0402832707158139,0.9914390005268306,0.0344130394091286
breakhis,repeated,8,vit_b16,encoder,siglip2_b16,linear_stack,False,False,log_loss,0.5022107943640638,,,,,,,0.921552436003303,0.9286504979804822,0.9128840971166828,0.184863084894866,0.0396498656186899,0.9853867188479968,0.0536440622642075
breakhis,repeated,8,equal_average,combination,siglip2_b16,linear_stack,False,False,log_loss,0.4230997412358273,,,,,,,0.9760528488852188,0.9810325255262036,0.9729182426893752,0.235229465519347,0.1683045982021795,0.995694413085472,0.051711493725454
breakhis,repeated,8,linear_stack,combination,siglip2_b16,linear_stack,False,True,log_loss,0.3994438188649697,,,,,,,0.9669694467382328,0.9723021876019168,0.962763438678056,0.1449574242756404,0.0588227743396446,0.991467223602017,0.0326387192529457
breakhis,repeated,8,greedy_average,combination,siglip2_b16,linear_stack,False,False,log_loss,0.4073567863786905,,,,,,,0.9694467382328654,0.975492963046587,0.965577693528004,0.2108861537452625,0.1332752618290613,0.9931888311883796,0.0460446323573497
breakhis,repeated,8,feature_concatenation,combination,siglip2_b16,linear_stack,False,False,log_loss,0.4444994351891362,,,,,,,0.9512799339388934,0.9518655452698126,0.9448323520895668,0.1833985070054294,0.0124858509276195,0.9852487393693082,0.0371528853960715
breakhis,repeated,9,resnet50,encoder,dinov2_vitb14,linear_stack,False,False,log_loss,0.6040806651541215,,,,,,,0.7813021702838063,0.7649721537829792,0.755967930536896,0.6121400264240772,0.1198122124733969,0.8290922389898367,0.172474005361048
breakhis,repeated,9,vgg16,encoder,dinov2_vitb14,linear_stack,False,False,log_loss,0.5102426093011483,,,,,,,0.82220367278798,0.8019582178421106,0.7979586358918083,0.4379306657029312,0.0532504220632387,0.8746759829586285,0.1319278690500509
breakhis,repeated,9,inception_v3,encoder,dinov2_vitb14,linear_stack,False,False,log_loss,0.5675382364693828,,,,,,,0.8080133555926544,0.7866684631967971,0.7822609960014539,0.4529453881233377,0.0424481265899185,0.8515135766348425,0.1407758495468604
breakhis,repeated,9,mobilenet_v2,encoder,dinov2_vitb14,linear_stack,False,False,log_loss,0.5749309304410651,,,,,,,0.7988313856427379,0.7701820911610717,0.7692402988259723,0.5956692967438555,0.1054605394491251,0.8166673082845703,0.1571225233154888
breakhis,repeated,9,coco_deeplab,encoder,dinov2_vitb14,linear_stack,False,False,log_loss,0.6579324519085988,,,,,,,0.6994991652754591,0.6297383482188686,0.6348760739188004,0.6819771087708645,0.156089604362846,0.7089621188789652,0.233476213200163
breakhis,repeated,9,ade20k_segformer,encoder,dinov2_vitb14,linear_stack,False,False,log_loss,0.7010590208957886,,,,,,,0.5575959933222037,0.5854410481470075,0.5493555530320237,0.8226564404986368,0.0876297266596775,0.6322422620880812,0.2374310904719208
breakhis,repeated,9,dinov2_vitb14,encoder,dinov2_vitb14,linear_stack,True,False,log_loss,0.4116563180858618,,,,,,,0.8180300500834724,0.7794021404373268,0.7855880884825557,0.4684206769043223,0.0690376902163441,0.8540447592649625,0.1379188691848579
breakhis,repeated,9,siglip2_b16,encoder,dinov2_vitb14,linear_stack,False,False,log_loss,0.5720814892771113,,,,,,,0.8297161936560935,0.8032959911713377,0.8037182316714695,0.441012573139375,0.0795396248252732,0.8912297248742429,0.1314501618125552
breakhis,repeated,9,convnext_b,encoder,dinov2_vitb14,linear_stack,False,False,log_loss,0.7075496437999111,,,,,,,0.8263772954924875,0.7910988348218868,0.7963524146701058,0.496844684692854,0.0817206537325219,0.846322887793861,0.1376397450419918
breakhis,repeated,9,vit_b16,encoder,dinov2_vitb14,linear_stack,False,False,log_loss,0.5558185447456477,,,,,,,0.8046744574290484,0.7730789959963043,0.7742178665661514,0.6405442490362834,0.1083926962301183,0.7856771635355712,0.1619666124896628
breakhis,repeated,9,equal_average,combination,dinov2_vitb14,linear_stack,False,False,log_loss,0.3967729302653343,,,,,,,0.835559265442404,0.7971428754747972,0.8051911925545306,0.3919050375565971,0.0555435475909667,0.8734537008520686,0.119956488503629
breakhis,repeated,9,linear_stack,combination,dinov2_vitb14,linear_stack,False,True,log_loss,0.3943033638183825,,,,,,,0.840567612687813,0.8001231906375115,0.809927041981388,0.4212339118994723,0.0726471144153917,0.8600374704855765,0.1260201652521556
breakhis,repeated,9,greedy_average,combination,dinov2_vitb14,linear_stack,False,False,log_loss,0.4354427602351797,,,,,,,0.825542570951586,0.7883976234472847,0.794596953680088,0.4062149193903923,0.0426364229737878,0.8527871881736988,0.1268057827038822
breakhis,repeated,9,feature_concatenation,combination,dinov2_vitb14,linear_stack,False,False,log_loss,0.5643913834665576,,,,,,,0.8280467445742905,0.7867550816137974,0.7954885971890745,0.7864783213187941,0.1160087296778643,0.8280881069705369,0.1450758497751425
breakhis,repeated,10,resnet50,encoder,coco_deeplab,equal_average,False,False,log_loss,0.98713123249902,,,,,,,0.8385650224215246,0.8663639037191204,0.8269385981250388,0.504516621295628,0.062633430077226,0.927970319428106,0.1263445525581419
breakhis,repeated,10,vgg16,encoder,coco_deeplab,equal_average,False,False,log_loss,0.82321084998409,,,,,,,0.862780269058296,0.8854835912285464,0.851123284180469,0.4927773941138351,0.0610813103512567,0.9368646879618736,0.1156160621103358
breakhis,repeated,10,inception_v3,encoder,coco_deeplab,equal_average,False,False,log_loss,0.819860917335091,,,,,,,0.809865470852018,0.8214622356951105,0.7931455734307837,0.4614667872898992,0.0433129125290683,0.8943685337676832,0.142012679448526
breakhis,repeated,10,mobilenet_v2,encoder,coco_deeplab,equal_average,False,False,log_loss,1.1702254021815983,,,,,,,0.8466367713004485,0.8681755798871897,0.8339677157270231,0.4414250613788198,0.0511774489631397,0.9271446022984344,0.1219192452473515
breakhis,repeated,10,coco_deeplab,encoder,coco_deeplab,equal_average,True,False,log_loss,0.6866470533582283,,,,,,,0.6887892376681615,0.6018968871595332,0.606453909726637,0.6590758652032734,0.1409741834002673,0.7040501613730281,0.2317301885379559
breakhis,repeated,10,ade20k_segformer,encoder,coco_deeplab,equal_average,False,False,log_loss,0.8213345647069222,,,,,,,0.5461883408071749,0.5704272614846319,0.5349939338792842,0.6667563901971034,0.0904079705714542,0.6266646306518264,0.2330912784395676
breakhis,repeated,10,dinov2_vitb14,encoder,coco_deeplab,equal_average,False,False,log_loss,0.8215437554348252,,,,,,,0.8762331838565023,0.894406237746207,0.8644298069400098,0.3473804615582633,0.0272790111261489,0.952704129339728,0.0963738069925422
breakhis,repeated,10,siglip2_b16,encoder,coco_deeplab,equal_average,False,False,log_loss,0.934993573630531,,,,,,,0.8582959641255605,0.8878759086658825,0.8477849894934749,0.4288521260461408,0.065675613963592,0.9468034567007512,0.1108818228094991
breakhis,repeated,10,convnext_b,encoder,coco_deeplab,equal_average,False,False,log_loss,1.0184230163016692,,,,,,,0.8349775784753363,0.8645748499381655,0.8236147793551227,0.6192140881707718,0.080040775940884,0.914860646095376,0.1364327521490096
breakhis,repeated,10,vit_b16,encoder,coco_deeplab,equal_average,False,False,log_loss,1.0156487712552962,,,,,,,0.8394618834080717,0.8581576327934124,0.8258239729954506,0.525024543371218,0.0757385581995469,0.912406117093476,0.1314101928652978
breakhis,repeated,10,equal_average,combination,coco_deeplab,equal_average,False,True,log_loss,0.5657911385246872,,,,,,,0.8798206278026905,0.9042450909419962,0.8693968531468532,0.3561454425670085,0.0815788489351955,0.9563840376436522,0.1030963772831985
breakhis,repeated,10,linear_stack,combination,coco_deeplab,equal_average,False,False,log_loss,0.7219072906580792,,,,,,,0.8645739910313901,0.8924154676801497,0.85400507273082,0.3765598028699784,0.0381321655505074,0.9441264742255602,0.1086399457315013
breakhis,repeated,10,greedy_average,combination,coco_deeplab,equal_average,False,False,log_loss,0.730822838277286,,,,,,,0.8762331838565023,0.9024560371610412,0.8659370033735746,0.365935339188121,0.0255096791527503,0.9532131330497994,0.1010319971572931
breakhis,repeated,10,feature_concatenation,combination,coco_deeplab,equal_average,False,False,log_loss,1.0270560495816805,,,,,,,0.8860986547085202,0.9071746900732964,0.8754517572907844,0.4385844918211801,0.0698760020001493,0.959487075076162,0.0965918121494197
breakhis,repeated,11,resnet50,encoder,dinov2_vitb14,linear_stack,False,False,log_loss,0.4920217148778401,,,,,,,0.83,0.8465188849037304,0.8160919540229885,0.4773249169310203,0.0508077472600044,0.923126723724929,0.1339050410227191
breakhis,repeated,11,vgg16,encoder,dinov2_vitb14,linear_stack,False,False,log_loss,0.4865264109686374,,,,,,,0.7758333333333334,0.8013200657766959,0.7628282510640767,0.5892730238013978,0.0731415600752795,0.8835765430979786,0.1661531144259347
breakhis,repeated,11,inception_v3,encoder,dinov2_vitb14,linear_stack,False,False,log_loss,0.5074822289700832,,,,,,,0.7575,0.7828818738589427,0.7442640671240912,0.5223351210258179,0.0518655836505576,0.8708290712278748,0.169124633349576
breakhis,repeated,11,mobilenet_v2,encoder,dinov2_vitb14,linear_stack,False,False,log_loss,0.4766962997095876,,,,,,,0.8433333333333334,0.870103973792907,0.8322846165740861,0.4025847392622985,0.0377849107915887,0.949867928681488,0.1184284770662142
breakhis,repeated,11,coco_deeplab,encoder,dinov2_vitb14,linear_stack,False,False,log_loss,0.6567391865846728,,,,,,,0.6575,0.577096632181378,0.5794360247324362,0.6748309442375847,0.1078608884532155,0.6605313928344835,0.2364831269711101
breakhis,repeated,11,ade20k_segformer,encoder,dinov2_vitb14,linear_stack,False,False,log_loss,0.7905261725835533,,,,,,,0.5375,0.5923495746526654,0.5347053238513824,0.7453996926979282,0.0681283592353282,0.5726230399709961,0.2555252759824239
breakhis,repeated,11,dinov2_vitb14,encoder,dinov2_vitb14,linear_stack,True,False,log_loss,0.4341280151176393,,,,,,,0.7891666666666667,0.8285630122619155,0.7796805367783286,0.5432834393991975,0.090365660168818,0.9159307790912976,0.1576246423243496
breakhis,repeated,11,siglip2_b16,encoder,dinov2_vitb14,linear_stack,False,False,log_loss,0.5510431740515415,,,,,,,0.85,0.8734834457665963,0.8385167464114832,0.3911825235828572,0.0404759015385581,0.9503340627468244,0.1133405068104705
breakhis,repeated,11,convnext_b,encoder,dinov2_vitb14,linear_stack,False,False,log_loss,0.594905744891072,,,,,,,0.8125,0.8455121648042885,0.8019469349821129,0.5923969915999595,0.0657450634515091,0.91925198430682,0.1480623468671117
breakhis,repeated,11,vit_b16,encoder,dinov2_vitb14,linear_stack,False,False,log_loss,0.511117008630933,,,,,,,0.8108333333333333,0.8472277971280961,0.8009806306809837,0.554301921922444,0.062017205623537,0.913095130193834,0.1502016566513052
breakhis,repeated,11,equal_average,combination,dinov2_vitb14,linear_stack,False,False,log_loss,0.3756705189804302,,,,,,,0.87,0.8982532920718365,0.8603135185472606,0.3932712644332716,0.1167413818297251,0.9618126141057348,0.1175508507983986
breakhis,repeated,11,linear_stack,combination,dinov2_vitb14,linear_stack,False,True,log_loss,0.3316563062063729,,,,,,,0.8766666666666667,0.8994380494879,0.8663097578821539,0.3297288654427794,0.0202233151426706,0.9569214434618224,0.0981754028887558
breakhis,repeated,11,greedy_average,combination,dinov2_vitb14,linear_stack,False,False,log_loss,0.3741167593940079,,,,,,,0.8691666666666666,0.8983795367145317,0.8596157614839002,0.3592023936755036,0.0580964536030273,0.9606699382372365,0.1092865680730345
breakhis,repeated,11,feature_concatenation,combination,dinov2_vitb14,linear_stack,False,False,log_loss,0.422944035617308,,,,,,,0.8833333333333333,0.8933070917118774,0.8709296751115536,0.3816367782559193,0.0505554213167804,0.9562772720798643,0.0910808960914841
pneumonia,repeated,0,resnet50,encoder,convnext_b,feature_concatenation,False,False,log_loss,0.1251646833715226,,,,,,,0.952914798206278,0.952062259785456,0.9416448598130842,0.1376213422126543,0.0173115520178149,0.9880681492246208,0.0395454280089979
pneumonia,repeated,0,vgg16,encoder,convnext_b,feature_concatenation,False,False,log_loss,0.1703738627423714,,,,,,,0.9484304932735426,0.9489900631648724,0.9363963293650794,0.1472213360242315,0.0102048174264339,0.9858436749080572,0.041434321257777
pneumonia,repeated,0,inception_v3,encoder,convnext_b,feature_concatenation,False,False,log_loss,0.1500288822288353,,,,,,,0.9484304932735426,0.9463767838818034,0.9360872274143304,0.1328923548622758,0.0127568622593759,0.9882912340414683,0.0386584186802172
pneumonia,repeated,0,mobilenet_v2,encoder,convnext_b,feature_concatenation,False,False,log_loss,0.1352246005091928,,,,,,,0.952914798206278,0.9507556201439216,0.941501620791096,0.1231851926807875,0.0079251044585158,0.9902735019854548,0.0359762495693962
pneumonia,repeated,0,coco_deeplab,encoder,convnext_b,feature_concatenation,False,False,log_loss,0.5954798063619773,,,,,,,0.7331838565022422,0.725739526167849,0.695990376904571,0.6135957488457974,0.1093323536988975,0.7953037459127674,0.196270201872439
pneumonia,repeated,0,ade20k_segformer,encoder,convnext_b,feature_concatenation,False,False,log_loss,0.4853685660698424,,,,,,,0.8352017937219731,0.794325359644594,0.7924067386592658,0.4722005310671537,0.1193314522051752,0.86959736377485,0.14591502810411
pneumonia,repeated,0,dinov2_vitb14,encoder,convnext_b,feature_concatenation,False,False,log_loss,0.1096179527650827,,,,,,,0.952914798206278,0.95598217871006,0.942066098832786,0.111804832356166,0.0137622790198652,0.9927911734898752,0.0349094606844377
pneumonia,repeated,0,siglip2_b16,encoder,convnext_b,feature_concatenation,False,False,log_loss,0.1349595467469909,,,,,,,0.9428251121076232,0.9425365381060736,0.9295674993613512,0.1341073159818724,0.0150099450764958,0.987717587369575,0.0399677062588378
pneumonia,repeated,0,convnext_b,encoder,convnext_b,feature_concatenation,True,False,log_loss,0.1017185301749065,,,,,,,0.9585201793721974,0.9559025055611858,0.9482740516099708,0.1045733503109448,0.0057238003252761,0.9929186505280736,0.0310337791791784
pneumonia,repeated,0,vit_b16,encoder,convnext_b,feature_concatenation,False,False,log_loss,0.1152832417920454,,,,,,,0.9551569506726456,0.9575182770203516,0.9446924603174602,0.1163129582656774,0.0069371358869618,0.9917267402209178,0.0332927424202598
pneumonia,repeated,0,equal_average,combination,convnext_b,feature_concatenation,False,False,log_loss,0.1601148849037969,,,,,,,0.9663677130044844,0.9665054082133456,0.9581121017832098,0.1561088510609187,0.0848405068914616,0.9949774046949792,0.0331568980764517
pneumonia,repeated,0,linear_stack,combination,convnext_b,feature_concatenation,False,False,log_loss,0.0735408725235428,,,,,,,0.9719730941704036,0.967732374706006,0.9646950235815076,0.081171894697939,0.0044319746533713,0.9956275375897916,0.0213790009032024
pneumonia,repeated,0,greedy_average,combination,convnext_b,feature_concatenation,False,False,log_loss,0.0944293500859235,,,,,,,0.968609865470852,0.9667348668821028,0.960708802134461,0.0942610037047615,0.0240940544558395,0.9953152188462052,0.0258166509907845
pneumonia,repeated,0,feature_concatenation,combination,convnext_b,feature_concatenation,False,True,log_loss,0.0730881341073561,,,,,,,0.9697309417040358,0.9648896367541796,0.9618706254680284,0.0711689605686382,0.0086981840745887,0.9965581199686406,0.0209298554200663
pneumonia,repeated,1,resnet50,encoder,vit_b16,feature_concatenation,False,False,log_loss,0.1497803951344964,,,,,,,0.944254835039818,0.9511908986947436,0.9320921960656326,0.1450659107409415,0.0137505579046741,0.9898655309751964,0.0425292807383182
pneumonia,repeated,1,vgg16,encoder,vit_b16,feature_concatenation,False,False,log_loss,0.1620951478174333,,,,,,,0.9419795221843004,0.9456406009700696,0.9289854498506966,0.1595176773941639,0.0133264205543345,0.9863559288615484,0.0434064202020895
pneumonia,repeated,1,inception_v3,encoder,vit_b16,feature_concatenation,False,False,log_loss,0.1505821703291901,,,,,,,0.9419795221843004,0.9456406009700696,0.9289854498506966,0.1488236526428916,0.012795397870412,0.9886430852951614,0.0443238181045118
pneumonia,repeated,1,mobilenet_v2,encoder,vit_b16,feature_concatenation,False,False,log_loss,0.1385682452486451,,,,,,,0.9488054607508531,0.952975275050278,0.937190059022766,0.1177352297640851,0.0118001834471291,0.992356428355482,0.0356830161606158
pneumonia,repeated,1,coco_deeplab,encoder,vit_b16,feature_concatenation,False,False,log_loss,0.6411238248754955,,,,,,,0.7440273037542662,0.7515674908316574,0.7127622029770195,0.5601705215504512,0.1116547605789244,0.8289824782785862,0.1885548595386326
pneumonia,repeated,1,ade20k_segformer,encoder,vit_b16,feature_concatenation,False,False,log_loss,0.5020750921394851,,,,,,,0.8304891922639362,0.7881324184707599,0.7862190091750307,0.4784040393108095,0.1100092499577616,0.8770916308476939,0.1473909053434937
pneumonia,repeated,1,dinov2_vitb14,encoder,vit_b16,feature_concatenation,False,False,log_loss,0.1286749299671151,,,,,,,0.9465301478953356,0.9540794195354708,0.9348639431649944,0.1210580374392266,0.0140354866101093,0.9926587536311896,0.0360173508545476
pneumonia,repeated,1,siglip2_b16,encoder,vit_b16,feature_concatenation,False,False,log_loss,0.1144427548192834,,,,,,,0.9453924914675768,0.9453152726842542,0.9325954705792135,0.1322656143997534,0.0122820232492869,0.9903584526203716,0.040228118897443
pneumonia,repeated,1,convnext_b,encoder,vit_b16,feature_concatenation,False,False,log_loss,0.109068961955568,,,,,,,0.9567690557451648,0.9597578768878898,0.9466380808752108,0.1149052584722769,0.012178345331877,0.9926193198995756,0.0319283802866363
pneumonia,repeated,1,vit_b16,encoder,vit_b16,feature_concatenation,True,False,log_loss,0.104111928367789,,,,,,,0.944254835039818,0.9511908986947436,0.9320921960656326,0.1266256370568851,0.016700672590076,0.9918043561128856,0.037789128227844
pneumonia,repeated,1,equal_average,combination,vit_b16,feature_concatenation,False,False,log_loss,0.161300786355084,,,,,,,0.9613196814562004,0.9668658070113176,0.9523713903231976,0.1622800026591281,0.0753045896812345,0.9932502596053998,0.0365541872397968
pneumonia,repeated,1,linear_stack,combination,vit_b16,feature_concatenation,False,False,log_loss,0.0805356727117315,,,,,,,0.9715585893060296,0.9725442643637368,0.964497873103524,0.0886284957057612,0.0051454784166325,0.9952153738974988,0.0236488980501831
pneumonia,repeated,1,greedy_average,combination,vit_b16,feature_concatenation,False,False,log_loss,0.0948627297015402,,,,,,,0.9670079635949944,0.9707598880082022,0.9591257847012322,0.1004047414230338,0.0172697451879798,0.9953139582265336,0.0283324713790036
pneumonia,repeated,1,feature_concatenation,combination,vit_b16,feature_concatenation,False,True,log_loss,0.073780880220413,,,,,,,0.9726962457337884,0.9706613036791673,0.9656993457251004,0.0737954230596195,0.0050409958069431,0.9968913074910946,0.0208229153880639
pneumonia,repeated,2,resnet50,encoder,dinov2_vitb14,feature_concatenation,False,False,log_loss,0.1348418247037478,,,,,,,0.9390519187358916,0.9424922600619194,0.925664211801995,0.1861504504122517,0.0205967130562068,0.9792956656346749,0.0478615612084725
pneumonia,repeated,2,vgg16,encoder,dinov2_vitb14,feature_concatenation,False,False,log_loss,0.1652688011554246,,,,,,,0.9413092550790068,0.9427309081527347,0.9280794759879862,0.1698358607067301,0.013315623134416,0.9814305985552114,0.0474229999531688
pneumonia,repeated,2,inception_v3,encoder,dinov2_vitb14,feature_concatenation,False,False,log_loss,0.1832335162004767,,,,,,,0.9401805869074492,0.9393382352941176,0.9264335186673498,0.1770577303638787,0.0149991156490643,0.9784571723426212,0.046213544602123
pneumonia,repeated,2,mobilenet_v2,encoder,dinov2_vitb14,feature_concatenation,False,False,log_loss,0.1301993147019078,,,,,,,0.9435665914221218,0.9482069143446852,0.9311705664833289,0.1304821809252288,0.0182008195933074,0.9892737358101136,0.039322703049875
pneumonia,repeated,2,coco_deeplab,encoder,dinov2_vitb14,feature_concatenation,False,False,log_loss,0.579815670493935,,,,,,,0.7212189616252822,0.728953818369453,0.6900408619969265,0.6009019492802237,0.0899782829045613,0.795575335397317,0.1962289643668457
pneumonia,repeated,2,ade20k_segformer,encoder,dinov2_vitb14,feature_concatenation,False,False,log_loss,0.5396012709705584,,,,,,,0.8318284424379232,0.8034958720330238,0.7936749318183594,0.4921287682624757,0.1251390266198739,0.8724071207430341,0.1500163649277321
pneumonia,repeated,2,dinov2_vitb14,encoder,dinov2_vitb14,feature_concatenation,True,False,log_loss,0.0993128586893891,,,,,,,0.9525959367945824,0.9530895252837978,0.9414905660377358,0.1172519560473331,0.0121899492770936,0.990641124871001,0.0344056574494571
pneumonia,repeated,2,siglip2_b16,encoder,dinov2_vitb14,feature_concatenation,False,False,log_loss,0.1238802989477032,,,,,,,0.9446952595936796,0.9450528895768834,0.9319857059377384,0.1362773108335498,0.005820081025589,0.9864938080495356,0.0392443234026252
pneumonia,repeated,2,convnext_b,encoder,dinov2_vitb14,feature_concatenation,False,False,log_loss,0.1045550180347621,,,,,,,0.9548532731376976,0.9520188338493292,0.9438647177713152,0.1296907123312248,0.0146587374785767,0.9870678534571724,0.0309140113561619
pneumonia,repeated,2,vit_b16,encoder,dinov2_vitb14,feature_concatenation,False,False,log_loss,0.1270119009050744,,,,,,,0.9469525959367946,0.9466008771929824,0.934604433933078,0.1427459504840734,0.0144784791489515,0.985171568627451,0.0401066058944128
pneumonia,repeated,2,equal_average,combination,dinov2_vitb14,feature_concatenation,False,False,log_loss,0.157182290312537,,,,,,,0.9627539503386005,0.9613648090815274,0.953630736487526,0.1646233337613336,0.0815698076985218,0.990563725490196,0.0365010901360033
pneumonia,repeated,2,linear_stack,combination,dinov2_vitb14,feature_concatenation,False,False,log_loss,0.0843566731003985,,,,,,,0.9695259593679458,0.9646994324045408,0.9616754379640976,0.0890480793645694,0.0047918341153951,0.9912151702786376,0.0232563466000504
pneumonia,repeated,2,greedy_average,combination,dinov2_vitb14,feature_concatenation,False,False,log_loss,0.0932288358625199,,,,,,,0.9683972911963884,0.9691627966976264,0.9607053024399208,0.1077478604941415,0.0245935736271904,0.9920278637770898,0.0287228536507133
pneumonia,repeated,2,feature_concatenation,combination,dinov2_vitb14,feature_concatenation,False,True,log_loss,0.0725942840143172,,,,,,,0.9717832957110608,0.9727941176470588,0.9648717700663076,0.0942422905520118,0.0089585195692446,0.9914667182662538,0.0234833382217689
pneumonia,repeated,3,resnet50,encoder,dinov2_vitb14,feature_concatenation,False,False,log_loss,0.1549177963423327,,,,,,,0.9492099322799096,0.9494582043343652,0.9373872239784788,0.1463260799427746,0.0152068192899213,0.9855069659442725,0.0417651056056586
pneumonia,repeated,3,vgg16,encoder,dinov2_vitb14,feature_concatenation,False,False,log_loss,0.155009181278084,,,,,,,0.945823927765237,0.9484455624355006,0.9336118239889104,0.1568888381307283,0.0107281705471464,0.9837719298245614,0.0436380191125161
pneumonia,repeated,3,inception_v3,encoder,dinov2_vitb14,feature_concatenation,False,False,log_loss,0.1675489126424251,,,,,,,0.9334085778781038,0.9386222910216718,0.9192498706273992,0.1636677022147671,0.0189299592357305,0.9845394736842106,0.0489293144903121
pneumonia,repeated,3,mobilenet_v2,encoder,dinov2_vitb14,feature_concatenation,False,False,log_loss,0.1183815922744941,,,,,,,0.9559819413092552,0.9567208462332302,0.9456036975758272,0.1183351480507093,0.0088699795362936,0.9911829205366356,0.03422667951465
pneumonia,repeated,3,coco_deeplab,encoder,dinov2_vitb14,feature_concatenation,False,False,log_loss,0.5866501049829012,,,,,,,0.7731376975169301,0.7737229102167182,0.7407874799680362,0.5458487118021734,0.1342474693102662,0.8460784313725491,0.1824869485706534
pneumonia,repeated,3,ade20k_segformer,encoder,dinov2_vitb14,feature_concatenation,False,False,log_loss,0.4370601415132279,,,,,,,0.8081264108352144,0.7767672858617132,0.7659799260433175,0.535458579901247,0.1075114457476011,0.8458655830753354,0.1616211241680515
pneumonia,repeated,3,dinov2_vitb14,encoder,dinov2_vitb14,feature_concatenation,True,False,log_loss,0.1159215189772671,,,,,,,0.9413092550790068,0.9453495872033024,0.9284173891426618,0.1428220135666575,0.019251795937155,0.9879127966976264,0.0429599039441411
pneumonia,repeated,3,siglip2_b16,encoder,dinov2_vitb14,feature_concatenation,False,False,log_loss,0.1229695657571003,,,,,,,0.9424379232505644,0.9343395252837976,0.928158849931078,0.1497914632858943,0.0168210989983471,0.9849006707946336,0.0439568460332436
pneumonia,repeated,3,convnext_b,encoder,dinov2_vitb14,feature_concatenation,False,False,log_loss,0.1218472591003057,,,,,,,0.9604966139954854,0.9571981424148608,0.9506972499527004,0.105263240245825,0.012084529409485,0.9940144478844168,0.0315339843492328
pneumonia,repeated,3,vit_b16,encoder,dinov2_vitb14,feature_concatenation,False,False,log_loss,0.1359538141970806,,,,,,,0.945823927765237,0.9471362229102168,0.9334535075859998,0.1316133881752779,0.0113567588281643,0.9898542311661508,0.0396083601980667
pneumonia,repeated,3,equal_average,combination,dinov2_vitb14,feature_concatenation,False,False,log_loss,0.1582661427217553,,,,,,,0.9604966139954854,0.9598168214654283,0.9509424709111476,0.164250489462502,0.0791471421900744,0.9935694014447884,0.0371194006220464
pneumonia,repeated,3,linear_stack,combination,dinov2_vitb14,feature_concatenation,False,False,log_loss,0.0857411248498101,,,,,,,0.9661399548532732,0.9597587719298246,0.9573623017298908,0.0988534106611213,0.0111566467540468,0.9942466460268318,0.0277771599938115
pneumonia,repeated,3,greedy_average,combination,dinov2_vitb14,feature_concatenation,False,False,log_loss,0.1020905876227617,,,,,,,0.9593679458239278,0.9590428276573788,0.9496030943472544,0.1082543024375426,0.0144508178652673,0.9934404024767802,0.0311904171794614
pneumonia,repeated,3,feature_concatenation,combination,dinov2_vitb14,feature_concatenation,False,True,log_loss,0.0851747426458456,,,,,,,0.9627539503386005,0.9587461300309597,0.9533971854692558,0.0900266879019766,0.0079384016682419,0.9941047471620228,0.0257954218868857
pneumonia,repeated,4,resnet50,encoder,dinov2_vitb14,linear_stack,False,False,log_loss,0.1267807577167368,,,,,,,0.9476678043230944,0.9378464958158996,0.9344259636467428,0.1231419758283426,0.0081545918217995,0.9882714435146442,0.0367551058906454
pneumonia,repeated,4,vgg16,encoder,dinov2_vitb14,linear_stack,False,False,log_loss,0.1352687191362789,,,,,,,0.9533560864618884,0.9456851464435146,0.9416282666969008,0.1424139662380663,0.009335020638362,0.9847018828451882,0.0386700553146812
pneumonia,repeated,4,inception_v3,encoder,dinov2_vitb14,linear_stack,False,False,log_loss,0.1206352590788508,,,,,,,0.9488054607508531,0.9412493462343096,0.9360961715863432,0.1433321426887438,0.0139201648900668,0.985100679916318,0.0415567846374221
pneumonia,repeated,4,mobilenet_v2,encoder,dinov2_vitb14,linear_stack,False,False,log_loss,0.1055597852924783,,,,,,,0.9476678043230944,0.9444004968619246,0.9352450930149132,0.1436664847506523,0.0183662970468141,0.9861205543933056,0.0410917961200354
pneumonia,repeated,4,coco_deeplab,encoder,dinov2_vitb14,linear_stack,False,False,log_loss,0.5620114924353422,,,,,,,0.7406143344709898,0.7445377876569037,0.7086865515436944,0.6230007912715885,0.1232423554465217,0.8050993723849373,0.1967918481860189
pneumonia,repeated,4,ade20k_segformer,encoder,dinov2_vitb14,linear_stack,False,False,log_loss,0.4823602102182284,,,,,,,0.8270762229806599,0.7894939853556485,0.7849610506663234,0.4761506863473173,0.1004441282228127,0.8662526150627616,0.1480047459434564
pneumonia,repeated,4,dinov2_vitb14,encoder,dinov2_vitb14,linear_stack,True,False,log_loss,0.0885108668472248,,,,,,,0.9601820250284414,0.9556158472803348,0.9502970223449336,0.1039179788552637,0.0063799593703422,0.9920632845188284,0.0297733223871592
pneumonia,repeated,4,siglip2_b16,encoder,dinov2_vitb14,linear_stack,False,False,log_loss,0.1257627566214641,,,,,,,0.9567690557451648,0.9493396966527196,0.945830143882092,0.1198313160147712,0.007915752784919,0.9882583682008368,0.0339781562712525
pneumonia,repeated,4,convnext_b,encoder,dinov2_vitb14,linear_stack,False,False,log_loss,0.0966612369946958,,,,,,,0.9726962457337884,0.9668311976987448,0.9656103286384976,0.0862577854181115,0.0096923379366799,0.9939984309623432,0.0239354731466586
pneumonia,repeated,4,vit_b16,encoder,dinov2_vitb14,linear_stack,False,False,log_loss,0.1172987171094194,,,,,,,0.9567690557451648,0.9532720972803348,0.9462402626665808,0.1089249087358099,0.0070314137534442,0.990932269874477,0.0305375994454616
pneumonia,repeated,4,equal_average,combination,dinov2_vitb14,linear_stack,False,False,log_loss,0.1483298860659302,,,,,,,0.9658703071672357,0.9582112970711296,0.957012910798122,0.1536155817552125,0.0818117194984771,0.9929066422594144,0.0324287517381731
pneumonia,repeated,4,linear_stack,combination,dinov2_vitb14,linear_stack,False,True,log_loss,0.0705450718722876,,,,,,,0.9704209328782708,0.9600254968619246,0.962449229070547,0.089433120162147,0.0116705836563991,0.9948025627615062,0.0225523382765336
pneumonia,repeated,4,greedy_average,combination,dinov2_vitb14,linear_stack,False,False,log_loss,0.0859180794174789,,,,,,,0.9704209328782708,0.9652686976987448,0.9628409578688588,0.0892072949380295,0.0231137907214619,0.9946914225941424,0.0237528773445336
pneumonia,repeated,4,feature_concatenation,combination,dinov2_vitb14,linear_stack,False,False,log_loss,0.0736249461281015,,,,,,,0.9715585893060296,0.9621175470711296,0.9639414201911638,0.0882169376555104,0.0141152086669865,0.99425339958159,0.0233642014411451
pneumonia,repeated,5,resnet50,encoder,convnext_b,feature_concatenation,False,False,log_loss,0.1721950873464025,,,,,,,0.9312288613303268,0.9358223853683668,0.916551123175274,0.1991190652918549,0.0291521286732865,0.9774085522926328,0.051749302123687
pneumonia,repeated,5,vgg16,encoder,convnext_b,feature_concatenation,False,False,log_loss,0.2030155636986622,,,,,,,0.939120631341601,0.9425425038639876,0.9256980640357408,0.1979200175614638,0.018762039084251,0.975199639361154,0.0511317186360299
pneumonia,repeated,5,inception_v3,encoder,convnext_b,feature_concatenation,False,False,log_loss,0.1917329867843773,,,,,,,0.9402480270574972,0.94200476558475,0.9268162068842052,0.1946404479753073,0.0203998377416811,0.9769963936115404,0.047741307135198
pneumonia,repeated,5,mobilenet_v2,encoder,convnext_b,feature_concatenation,False,False,log_loss,0.1759250816924167,,,,,,,0.939120631341601,0.9386108964451314,0.9251687289088864,0.1448868247753006,0.0125482706500171,0.986334363730036,0.0428851452610607
pneumonia,repeated,5,coco_deeplab,encoder,convnext_b,feature_concatenation,False,False,log_loss,0.6246442107255822,,,,,,,0.7113866967305524,0.7064947192168984,0.674942739349519,0.5963876334671552,0.082299933010573,0.7653078310149407,0.1991522458606492
pneumonia,repeated,5,ade20k_segformer,encoder,convnext_b,feature_concatenation,False,False,log_loss,0.4761423414755568,,,,,,,0.8297632468996617,0.7902595311695002,0.7868484081704106,0.4911383374675196,0.1130538534785682,0.8649729520865532,0.1501983797041769
pneumonia,repeated,5,dinov2_vitb14,encoder,convnext_b,feature_concatenation,False,False,log_loss,0.1463845058670135,,,,,,,0.9458850056369784,0.9484898248325606,0.9336417251655216,0.1400830932015045,0.0186193959012642,0.9875386398763524,0.041411362299802
pneumonia,repeated,5,siglip2_b16,encoder,convnext_b,feature_concatenation,False,False,log_loss,0.1583348772840404,,,,,,,0.9413754227733936,0.9480197063369398,0.9287814217775308,0.1637062716445367,0.0128048061463763,0.9836360123647604,0.0441718305107037
pneumonia,repeated,5,convnext_b,encoder,convnext_b,feature_concatenation,True,False,log_loss,0.1460798179359773,,,,,,,0.9470124013528748,0.9479520865533232,0.9347909396492796,0.1425679691559389,0.0170259631867897,0.9858191653786708,0.0387494851757756
pneumonia,repeated,5,vit_b16,encoder,convnext_b,feature_concatenation,False,False,log_loss,0.175543281370138,,,,,,,0.943630214205186,0.944323158165894,0.9307117860267466,0.1480490969569505,0.0119740913426664,0.9847758887171562,0.0421394985005217
pneumonia,repeated,5,equal_average,combination,convnext_b,feature_concatenation,False,False,log_loss,0.1750131009426281,,,,,,,0.9526493799323562,0.9518160741885626,0.9413736450504212,0.1749220842389779,0.0846292657501358,0.9863086038124678,0.03988338831376
pneumonia,repeated,5,linear_stack,combination,convnext_b,feature_concatenation,False,False,log_loss,0.1268107845481831,,,,,,,0.9627959413754228,0.9600817877382792,0.9535346287738926,0.1045452805184024,0.0118658442941316,0.98868495620814,0.0277742704183587
pneumonia,repeated,5,greedy_average,combination,convnext_b,feature_concatenation,False,False,log_loss,0.1227602697478352,,,,,,,0.9560315670800452,0.9554450025759916,0.945494423077226,0.1202071369687248,0.0097272680403757,0.989850592478104,0.0344866086212817
pneumonia,repeated,5,feature_concatenation,combination,convnext_b,feature_concatenation,False,True,log_loss,0.0952925608879232,,,,,,,0.9673055242390078,0.9644835136527564,0.9590636015691516,0.1068401497099141,0.0090629381825959,0.9892194744976816,0.0266664304879874
pneumonia,repeated,6,resnet50,encoder,convnext_b,feature_concatenation,False,False,log_loss,0.1264102242753139,,,,,,,0.9464692482915718,0.9434873949579832,0.933726164722585,0.144354947592342,0.014703492586282,0.9850512079831932,0.0419427883812066
pneumonia,repeated,6,vgg16,encoder,convnext_b,feature_concatenation,False,False,log_loss,0.1753662002479819,,,,,,,0.9453302961275628,0.947984506302521,0.9330524790788997,0.1611834241572778,0.0113144183210744,0.9824973739495796,0.0421085469629443
pneumonia,repeated,6,inception_v3,encoder,convnext_b,feature_concatenation,False,False,log_loss,0.1782683669479802,,,,,,,0.9419134396355352,0.9416819852941176,0.9286113994097982,0.1375897346752541,0.0152849567231464,0.98734243697479,0.0403289247328603
pneumonia,repeated,6,mobilenet_v2,encoder,convnext_b,feature_concatenation,False,False,log_loss,0.1461475888770793,,,,,,,0.9510250569476082,0.9413340336134454,0.9384387102034162,0.1272714645200592,0.0079108866679232,0.9887998949579831,0.0370242752534261
pneumonia,repeated,6,coco_deeplab,encoder,convnext_b,feature_concatenation,False,False,log_loss,0.5923296798416626,,,,,,,0.7505694760820045,0.7602875525210084,0.7207293958737282,0.587750639516991,0.0943768467125416,0.8256171218487394,0.1835945997097931
pneumonia,repeated,6,ade20k_segformer,encoder,convnext_b,feature_concatenation,False,False,log_loss,0.5054256132485723,,,,,,,0.8451025056947609,0.8106158088235295,0.8065389974401348,0.4826908994853863,0.1199379296916413,0.8811777836134453,0.1396231404437524
pneumonia,repeated,6,dinov2_vitb14,encoder,convnext_b,feature_concatenation,False,False,log_loss,0.1174483846652214,,,,,,,0.9476082004555808,0.9455882352941176,0.9352162559269074,0.1241056391722253,0.0116921878750515,0.98890493697479,0.0363950921755349
pneumonia,repeated,6,siglip2_b16,encoder,convnext_b,feature_concatenation,False,False,log_loss,0.1193128045743467,,,,,,,0.9476082004555808,0.946907825630252,0.9353750640040964,0.1292268991042887,0.0075453119010021,0.9887539390756304,0.038249583307854
pneumonia,repeated,6,convnext_b,encoder,convnext_b,feature_concatenation,True,False,log_loss,0.1032084943798342,,,,,,,0.9567198177676538,0.9544774159663864,0.9462165909017636,0.115602746487044,0.0142362434732235,0.990375525210084,0.0325054574384777
pneumonia,repeated,6,vit_b16,encoder,convnext_b,feature_concatenation,False,False,log_loss,0.1281955992000643,,,,,,,0.9533029612756264,0.950814075630252,0.9420429389082536,0.1297813149971483,0.0161094206965485,0.987434348739496,0.0352398274532798
pneumonia,repeated,6,equal_average,combination,convnext_b,feature_concatenation,False,False,log_loss,0.1597061180603561,,,,,,,0.9658314350797268,0.962047006302521,0.9572158116326211,0.1560207977254268,0.0783877721474212,0.9922137605042016,0.0336177760246963
pneumonia,repeated,6,linear_stack,combination,convnext_b,feature_concatenation,False,False,log_loss,0.0807279394150107,,,,,,,0.9669703872437356,0.9588694852941176,0.958264695131646,0.0943824523700252,0.010201522711239,0.9932641806722688,0.0241669698409314
pneumonia,repeated,6,greedy_average,combination,convnext_b,feature_concatenation,False,False,log_loss,0.1010305142583171,,,,,,,0.9658314350797268,0.962047006302521,0.9572158116326211,0.1015722313977274,0.0159840035595086,0.9918461134453782,0.0275875012283446
pneumonia,repeated,6,feature_concatenation,combination,convnext_b,feature_concatenation,False,True,log_loss,0.0717064787307932,,,,,,,0.9715261958997722,0.9646336659663866,0.9640212889065912,0.0803922663753491,0.007950032221913,0.9935596113445376,0.0212746922021998
pneumonia,repeated,7,resnet50,encoder,convnext_b,linear_stack,False,False,log_loss,0.1575172137813704,,,,,,,0.9353007945516458,0.9318582798593776,0.9201262913449074,0.1604603256201031,0.0209601076206652,0.9828796215220148,0.0471958890773921
pneumonia,repeated,7,vgg16,encoder,convnext_b,linear_stack,False,False,log_loss,0.1602175465082721,,,,,,,0.94211123723042,0.9418168511572592,0.9287077718382132,0.1729111113164365,0.0116692599939102,0.980703634486454,0.0455088479105241
pneumonia,repeated,7,inception_v3,encoder,convnext_b,linear_stack,False,False,log_loss,0.1464344587072144,,,,,,,0.9284903518728718,0.9245461792804212,0.9119331299177929,0.1817765073113992,0.0181585686248083,0.979024269116667,0.0525058535316817
pneumonia,repeated,7,mobilenet_v2,encoder,convnext_b,linear_stack,False,False,log_loss,0.1320465811570264,,,,,,,0.9477866061293984,0.947028111400081,0.9354615757019824,0.1328253686223851,0.0111889754297673,0.9890155128925598,0.0386111278867428
pneumonia,repeated,7,coco_deeplab,encoder,convnext_b,linear_stack,False,False,log_loss,0.7147814795937987,,,,,,,0.7548240635641317,0.7605826156278996,0.7233876782101076,0.5755326487483595,0.1112682157563932,0.8243396892193893,0.1873772061765425
pneumonia,repeated,7,ade20k_segformer,encoder,convnext_b,linear_stack,False,False,log_loss,0.4890895955561061,,,,,,,0.8274687854710556,0.8050563926970478,0.7907625,0.5383086707521477,0.1143104850673684,0.8638113099049884,0.1543171265416847
pneumonia,repeated,7,dinov2_vitb14,encoder,convnext_b,linear_stack,False,False,log_loss,0.1273836355826354,,,,,,,0.9534619750283768,0.9509161362834404,0.9421194402470272,0.129491005881676,0.0159143971932766,0.9878850451533646,0.0369618077342475
pneumonia,repeated,7,siglip2_b16,encoder,convnext_b,linear_stack,False,False,log_loss,0.1389630019269746,,,,,,,0.9443813847900112,0.9433720611106028,0.9313366364193064,0.1517228203663762,0.0162085009355554,0.9849575911235412,0.0425469678748636
pneumonia,repeated,7,convnext_b,encoder,convnext_b,linear_stack,True,False,log_loss,0.0926321229489366,,,,,,,0.9591373439273552,0.9587738672451872,0.9492414057998848,0.1369374873723886,0.0163553696185816,0.9874472339480116,0.034420681843201
pneumonia,repeated,7,vit_b16,encoder,convnext_b,linear_stack,False,False,log_loss,0.1152406425188632,,,,,,,0.9353007945516458,0.9318582798593776,0.9201262913449074,0.1537566024066583,0.0228000490485164,0.9839251408183802,0.0429999239013594
pneumonia,repeated,7,equal_average,combination,convnext_b,linear_stack,False,False,log_loss,0.1611695184913779,,,,,,,0.9614074914869466,0.9616523125579935,0.9520613276998912,0.1691337966772327,0.0788455646558296,0.9883882013147406,0.038313573159232
pneumonia,repeated,7,linear_stack,combination,convnext_b,linear_stack,False,True,log_loss,0.0838128014814469,,,,,,,0.9670828603859252,0.9602473960035024,0.9584269644638332,0.0993515140912459,0.0064623803922299,0.9907144817491538,0.0258402844145663
pneumonia,repeated,7,greedy_average,combination,convnext_b,linear_stack,False,False,log_loss,0.0984983712416352,,,,,,,0.9648127128263336,0.9653083628474718,0.9562366499428742,0.1097996831232034,0.0200754852539448,0.9920213808696108,0.0288317278176672
pneumonia,repeated,7,feature_concatenation,combination,convnext_b,linear_stack,False,False,log_loss,0.0885440691568199,,,,,,,0.9682179341657208,0.962348236339637,0.9599128965158606,0.0994345025562351,0.0044050288580394,0.9908647751480064,0.0259509704396671
pneumonia,repeated,8,resnet50,encoder,convnext_b,feature_concatenation,False,False,log_loss,0.1253970957623575,,,,,,,0.928,0.9254328531936564,0.911693891379882,0.1680401014617512,0.0188450596579966,0.9838895281933256,0.050042481076912
pneumonia,repeated,8,vgg16,encoder,convnext_b,feature_concatenation,False,False,log_loss,0.1353376828436134,,,,,,,0.9337142857142856,0.929351348491462,0.9182063745841822,0.1837776552107729,0.010981954547265,0.980496805682314,0.049629237935319
pneumonia,repeated,8,inception_v3,encoder,convnext_b,feature_concatenation,False,False,log_loss,0.1548153715344832,,,,,,,0.9405714285714286,0.9459875930849304,0.9277162792471054,0.1525622061727255,0.0131993110753545,0.9869118950306204,0.0454509136646069
pneumonia,repeated,8,mobilenet_v2,encoder,convnext_b,feature_concatenation,False,False,log_loss,0.1058313991935533,,,,,,,0.9405714285714286,0.9420095763395632,0.9272,0.1648599326796468,0.0147986039243945,0.9847360554475352,0.0463304310855676
pneumonia,repeated,8,coco_deeplab,encoder,convnext_b,feature_concatenation,False,False,log_loss,0.5896486048217086,,,,,,,0.7131428571428572,0.7316872346335463,0.6858285614560102,0.6442117586378507,0.0903964472547459,0.7915029826858722,0.2034438381944086
pneumonia,repeated,8,ade20k_segformer,encoder,convnext_b,feature_concatenation,False,False,log_loss,0.4679943822372239,,,,,,,0.8057142857142857,0.7620167189132706,0.7578560452153982,0.502047577083736,0.0894836466578638,0.8546221710778672,0.1572266722428706
pneumonia,repeated,8,dinov2_vitb14,encoder,convnext_b,feature_concatenation,False,False,log_loss,0.1289103053855496,,,,,,,0.952,0.9551505892623308,0.9410581623619076,0.1244536169175749,0.0078041221328354,0.9902583230824172,0.0358615697183284
pneumonia,repeated,8,siglip2_b16,encoder,convnext_b,feature_concatenation,False,False,log_loss,0.1079403609206132,,,,,,,0.9371428571428572,0.9383324735790908,0.9230921663478489,0.142056412975768,0.0143945017341128,0.9874409745645014,0.0422774947142775
pneumonia,repeated,8,convnext_b,encoder,convnext_b,feature_concatenation,True,False,log_loss,0.0928206060146757,,,,,,,0.9508571428571428,0.945084851130246,0.9386740556619536,0.1251093521703275,0.0113643536389753,0.990264936576591,0.0360861042585613
pneumonia,repeated,8,vit_b16,encoder,convnext_b,feature_concatenation,False,False,log_loss,0.1117401713734272,,,,,,,0.936,0.9295927410287952,0.9206349206349208,0.1484034065490001,0.016337810378284,0.9854106318532332,0.0440419573655056
pneumonia,repeated,8,equal_average,combination,convnext_b,feature_concatenation,False,False,log_loss,0.1514097938754596,,,,,,,0.9622857142857144,0.9582258640530136,0.9528156206032736,0.1721994891081515,0.0861265952763506,0.9917199052947634,0.0393078384339617
pneumonia,repeated,8,linear_stack,combination,convnext_b,feature_concatenation,False,False,log_loss,0.0617795448506604,,,,,,,0.96,0.948702432443157,0.9492981204295876,0.1034930946586301,0.0127958077318191,0.992850812798434,0.029306641829289
pneumonia,repeated,8,greedy_average,combination,convnext_b,feature_concatenation,False,False,log_loss,0.0845565851328811,,,,,,,0.9657142857142856,0.9619029668134862,0.9570500150529472,0.1133952686507955,0.0245942904675852,0.9930095366585984,0.0308334499418006
pneumonia,repeated,8,feature_concatenation,combination,convnext_b,feature_concatenation,False,True,log_loss,0.0594077939550083,,,,,,,0.9691428571428572,0.9642540639921696,0.961194726096362,0.091805502457124,0.0067844680466814,0.9941007631972276,0.0250664438903775
pneumonia,repeated,9,resnet50,encoder,convnext_b,feature_concatenation,False,False,log_loss,0.1554763588968486,,,,,,,0.9438832772166106,0.9510947973188636,0.9318031522098534,0.1451335111193798,0.0108720919451466,0.9889626556016596,0.0430176308257209
pneumonia,repeated,9,vgg16,encoder,convnext_b,feature_concatenation,False,False,log_loss,0.1428380585272906,,,,,,,0.9292929292929292,0.929345675071816,0.913572529450438,0.1967364931415516,0.021656529074584,0.977867858282796,0.0531674315708753
pneumonia,repeated,9,inception_v3,encoder,convnext_b,feature_concatenation,False,False,log_loss,0.1434257711404023,,,,,,,0.9438832772166106,0.9471784232365146,0.9313263041065484,0.1511051659320303,0.014356907282077,0.9876859240344716,0.044242711213712
pneumonia,repeated,9,mobilenet_v2,encoder,convnext_b,feature_concatenation,False,False,log_loss,0.122073841318516,,,,,,,0.9494949494949496,0.9549409511650176,0.9382660924645988,0.1271195305285717,0.0086751978241543,0.9914458984998404,0.0379878818066248
pneumonia,repeated,9,coco_deeplab,encoder,convnext_b,feature_concatenation,False,False,log_loss,0.5824051171596112,,,,,,,0.712682379349046,0.7273603574848388,0.6838673910633108,0.6025768666613557,0.0918697794682168,0.7885732524736675,0.2002338577337769
pneumonia,repeated,9,ade20k_segformer,encoder,convnext_b,feature_concatenation,False,False,log_loss,0.4761207942169159,,,,,,,0.8002244668911336,0.7664730290456432,0.7560931348425197,0.5646407115631223,0.1147074471044092,0.8417555059048836,0.1651478684777182
pneumonia,repeated,9,dinov2_vitb14,encoder,convnext_b,feature_concatenation,False,False,log_loss,0.119048741295515,,,,,,,0.9528619528619529,0.95724864347271,0.9421779008393182,0.1209587198345647,0.0162576146732229,0.9915480370252154,0.0361032833142475
pneumonia,repeated,9,siglip2_b16,encoder,convnext_b,feature_concatenation,False,False,log_loss,0.1454104887684786,,,,,,,0.9337822671156004,0.938949888285988,0.9196198805819528,0.1402544943353346,0.0158119061403521,0.9895116501755504,0.0426324842655863
pneumonia,repeated,9,convnext_b,encoder,convnext_b,feature_concatenation,True,False,log_loss,0.1145213757616951,,,,,,,0.947250280583614,0.9520970315991064,0.935522363240803,0.116969155016555,0.0148189116402278,0.9932269390360676,0.0344476894085844
pneumonia,repeated,9,vit_b16,encoder,convnext_b,feature_concatenation,False,False,log_loss,0.1506155974228256,,,,,,,0.9528619528619529,0.95724864347271,0.9421779008393182,0.1229322490625592,0.0145358268817225,0.9925055857006064,0.03637260375964
pneumonia,repeated,9,equal_average,combination,convnext_b,feature_concatenation,False,False,log_loss,0.1572405552426197,,,,,,,0.9584736251402918,0.959789339291414,0.9486320099847144,0.1687084759715797,0.0804334514116584,0.994018512607724,0.0383148962429971
pneumonia,repeated,9,linear_stack,combination,convnext_b,feature_concatenation,False,False,log_loss,0.0897669332214656,,,,,,,0.9663299663299664,0.9638684966485797,0.957884288145207,0.0903299440080101,0.0100886901272661,0.9948483881263964,0.0248341147838885
pneumonia,repeated,9,greedy_average,combination,convnext_b,feature_concatenation,False,False,log_loss,0.0970404548628156,,,,,,,0.9663299663299664,0.9690903287583784,0.9582995319812792,0.1059235772485235,0.0238773064178043,0.9950335142036388,0.0298099644447112
pneumonia,repeated,9,feature_concatenation,combination,convnext_b,feature_concatenation,False,True,log_loss,0.0830305173147512,,,,,,,0.9696969696969696,0.9713980210660708,0.9623311855569212,0.0850706933114098,0.0054577136688732,0.9956974146185764,0.0238705851185656
pneumonia,repeated,10,resnet50,encoder,dinov2_vitb14,feature_concatenation,False,False,log_loss,0.1283204548413133,,,,,,,0.9387060158910328,0.9381608008677812,0.9246053882725832,0.1743724095281769,0.0192196458173696,0.9798672190493616,0.0481703995411349
pneumonia,repeated,10,vgg16,encoder,dinov2_vitb14,feature_concatenation,False,False,log_loss,0.1479646881255878,,,,,,,0.9318955732122588,0.9308487002888248,0.9164295200151772,0.1867624372777088,0.0160649811955468,0.9770639204359816,0.0519725429460779
pneumonia,repeated,10,inception_v3,encoder,dinov2_vitb14,feature_concatenation,False,False,log_loss,0.1517170328984521,,,,,,,0.9364358683314415,0.9405752969928252,0.9225533411194412,0.1917620575964427,0.0262075611354815,0.9792660454539516,0.0529628050008815
pneumonia,repeated,10,mobilenet_v2,encoder,dinov2_vitb14,feature_concatenation,False,False,log_loss,0.1265400536269536,,,,,,,0.94211123723042,0.9444633218761844,0.9290500049741266,0.1498081738097148,0.0118030225095643,0.9867088359449536,0.0429604591894404
pneumonia,repeated,10,coco_deeplab,encoder,dinov2_vitb14,feature_concatenation,False,False,log_loss,0.5847214526668021,,,,,,,0.7082860385925085,0.7154684579897277,0.6765402115759623,0.6124645107624686,0.0909270482856619,0.7806304481357085,0.2050414636040654
pneumonia,repeated,10,ade20k_segformer,encoder,dinov2_vitb14,feature_concatenation,False,False,log_loss,0.4704965414959509,,,,,,,0.8195232690124858,0.7757949213900179,0.7732457908206625,0.4998180739336876,0.1161658235638151,0.8688265352797419,0.1506094447887587
pneumonia,repeated,10,dinov2_vitb14,encoder,dinov2_vitb14,feature_concatenation,True,False,log_loss,0.1034299184191805,,,,,,,0.9511918274687856,0.9520073970490218,0.9397443952251056,0.1339744856835465,0.0128908517479874,0.9886822536168433,0.0382948073944155
pneumonia,repeated,10,siglip2_b16,encoder,dinov2_vitb14,feature_concatenation,False,False,log_loss,0.1306091569088037,,,,,,,0.945516458569807,0.9507658428845878,0.9334608897056972,0.1460704890337157,0.0066048133739407,0.9877739587281258,0.0411324620103897
pneumonia,repeated,10,convnext_b,encoder,dinov2_vitb14,feature_concatenation,False,False,log_loss,0.1081234197855605,,,,,,,0.9523269012485812,0.958077943463544,0.941640169581346,0.1377952287230371,0.0122676875304185,0.9891004613353896,0.0378245679342701
pneumonia,repeated,10,vit_b16,encoder,dinov2_vitb14,feature_concatenation,False,False,log_loss,0.123049283971593,,,,,,,0.9398410896708286,0.9389384058444528,0.9259119981848098,0.1556387948581822,0.0129194711687887,0.9842845380765058,0.0455299862615905
pneumonia,repeated,10,equal_average,combination,dinov2_vitb14,feature_concatenation,False,False,log_loss,0.1547159498764597,,,,,,,0.9614074914869466,0.9603290771985312,0.9519413425747656,0.1744835835850764,0.0840664351912667,0.9908451716611996,0.0396982312585995
pneumonia,repeated,10,linear_stack,combination,dinov2_vitb14,feature_concatenation,False,False,log_loss,0.0840051951122722,,,,,,,0.963677639046538,0.960561051792412,0.9545390043474334,0.1013134396288861,0.0099718233214945,0.9927467098814642,0.0267288929975717
pneumonia,repeated,10,greedy_average,combination,dinov2_vitb14,feature_concatenation,False,False,log_loss,0.09659281658675,,,,,,,0.9670828603859252,0.9668635728008156,0.9589572319224028,0.1159482647953035,0.0264857893618321,0.9923546401453271,0.0318689924576132
pneumonia,repeated,10,feature_concatenation,combination,dinov2_vitb14,feature_concatenation,False,True,log_loss,0.0700199971486874,,,,,,,0.9693530079455164,0.9697420181136218,0.9617877676518922,0.0881684585231311,0.0114963909855273,0.9948050759961838,0.025420967982176
pneumonia,repeated,11,resnet50,encoder,vit_b16,feature_concatenation,False,False,log_loss,0.1186958267762418,,,,,,,0.935005701254276,0.9275712025316456,0.9191881471422684,0.1569931896578417,0.0143899996391723,0.9824630801687764,0.0469447845974461
pneumonia,repeated,11,vgg16,encoder,vit_b16,feature_concatenation,False,False,log_loss,0.1570013738459837,,,,,,,0.9384264538198404,0.9285864978902952,0.9229550335133728,0.163531783199899,0.0096748045501099,0.9828982067510548,0.0480065826767457
pneumonia,repeated,11,inception_v3,encoder,vit_b16,feature_concatenation,False,False,log_loss,0.1355057794259381,,,,,,,0.928164196123147,0.925540611814346,0.9117741459013644,0.1908785616572832,0.0202694138648566,0.9773008966244724,0.0539300782125474
pneumonia,repeated,11,mobilenet_v2,encoder,vit_b16,feature_concatenation,False,False,log_loss,0.1257505633105936,,,,,,,0.9475484606613456,0.9441356803797468,0.9348650219581504,0.1249982946620967,0.0090860420519478,0.9898206751054852,0.0372372756958389
pneumonia,repeated,11,coco_deeplab,encoder,vit_b16,feature_concatenation,False,False,log_loss,0.6154656615658192,,,,,,,0.6898517673888256,0.7077927215189873,0.662180227947341,0.6061743873015231,0.0482067471374343,0.7612803270042193,0.2017159381048983
pneumonia,repeated,11,ade20k_segformer,encoder,vit_b16,feature_concatenation,False,False,log_loss,0.5031357475557136,,,,,,,0.8472063854047891,0.8089629483122363,0.807324798992668,0.4651747734465873,0.1280285096332486,0.8873747362869199,0.1376803654681466
pneumonia,repeated,11,dinov2_vitb14,encoder,vit_b16,feature_concatenation,False,False,log_loss,0.1156943806121491,,,,,,,0.9452679589509692,0.9452300896624471,0.9325350017949638,0.1374440858159255,0.0155218173063746,0.9876516350210972,0.0414282911895468
pneumonia,repeated,11,siglip2_b16,encoder,vit_b16,feature_concatenation,False,False,log_loss,0.1415890119066419,,,,,,,0.9452679589509692,0.9452300896624471,0.9325350017949638,0.1338010550629363,0.0123329993120551,0.9882977320675106,0.0389412363790922
pneumonia,repeated,11,convnext_b,encoder,vit_b16,feature_concatenation,False,False,log_loss,0.1061776480399501,,,,,,,0.952109464082098,0.9525744989451476,0.9408232118758436,0.108748836115399,0.0076494437409156,0.9926753691983125,0.0332674563360029
pneumonia,repeated,11,vit_b16,encoder,vit_b16,feature_concatenation,True,False,log_loss,0.1006839588263032,,,,,,,0.9498289623717218,0.9470266350210972,0.9376969775251872,0.1366084715499028,0.0111393816590555,0.9874868143459916,0.0385760083793578
pneumonia,repeated,11,equal_average,combination,vit_b16,feature_concatenation,False,False,log_loss,0.1573784229192295,,,,,,,0.9623717217787914,0.9622626582278482,0.9532141904507868,0.165791619062899,0.0824274114273061,0.992517141350211,0.0375771454548847
pneumonia,repeated,11,linear_stack,combination,vit_b16,feature_concatenation,False,False,log_loss,0.0781326370613494,,,,,,,0.9692132269099202,0.9629647943037974,0.9611264608974454,0.0924535531613343,0.0029572995435813,0.9941587552742616,0.0248955776836201
pneumonia,repeated,11,greedy_average,combination,vit_b16,feature_concatenation,False,False,log_loss,0.0959819427808987,,,,,,,0.9635119726339796,0.9617154535864978,0.9544598927704432,0.1033614725744121,0.021621301511592,0.993842299578059,0.0283980555843695
pneumonia,repeated,11,feature_concatenation,combination,vit_b16,feature_concatenation,False,True,log_loss,0.0725214278778158,,,,,,,0.968072976054732,0.9635119989451476,0.9598443223443224,0.0787387201231442,0.010056789139157,0.9937104430379748,0.0212404809208744
facial_age,repeated,0,resnet50,encoder,siglip2_b16,linear_stack,False,False,mae,9.58398555828896,0.7304833513161153,159.2183572863113,9.610896382138446,0.8550160934538422,0.977342620437655,0.9946312253998322,,,,,,,
facial_age,repeated,0,vgg16,encoder,siglip2_b16,linear_stack,False,False,mae,11.081286850429844,0.6761195236646789,191.33407027371248,10.724655407379329,0.8224932862363599,0.9850069604316778,0.8037264755262044,,,,,,,
facial_age,repeated,0,inception_v3,encoder,siglip2_b16,linear_stack,False,False,mae,9.482632327364984,0.7405874527353359,153.24930699691905,9.481937399230992,0.8607180483495721,0.9876445082076256,0.6463728346614204,,,,,,,
facial_age,repeated,0,mobilenet_v2,encoder,siglip2_b16,linear_stack,False,False,mae,9.912660100760457,0.7145107547917676,168.65425147920226,10.08056562320866,0.845819229928603,0.9681099228409836,1.2171376651012054,,,,,,,
facial_age,repeated,0,coco_deeplab,encoder,siglip2_b16,linear_stack,False,False,mae,20.625388142327505,-0.1814413191487787,697.9425834493496,20.103603623121856,0.164702547480787,0.2651983657995561,22.14225613079138,,,,,,,
facial_age,repeated,0,ade20k_segformer,encoder,siglip2_b16,linear_stack,False,False,mae,21.22523605105762,-7.235791630014182,4865.33659678003,21.980937885914265,-0.0148505901210961,-0.005552349179936,30.152172950043436,,,,,,,
facial_age,repeated,0,dinov2_vitb14,encoder,siglip2_b16,linear_stack,False,False,mae,5.941611039843694,0.8897714090265805,65.11811150248238,5.9554030068661366,0.9433062805170244,0.9925412368238916,0.2779736444638665,,,,,,,
facial_age,repeated,0,siglip2_b16,encoder,siglip2_b16,linear_stack,True,False,mae,4.77448850898073,0.9266969036968224,43.3041841176993,4.772633595235675,0.9626552491329698,0.9976810401417208,0.1130221304278791,,,,,,,
facial_age,repeated,0,convnext_b,encoder,siglip2_b16,linear_stack,False,False,mae,8.971377455979752,0.7709364270293043,135.3204931147098,8.850036812489474,0.8784104077020586,0.972528968635356,0.995243384299215,,,,,,,
facial_age,repeated,0,vit_b16,encoder,siglip2_b16,linear_stack,False,False,mae,9.461216380560826,0.7387221594347355,154.3512386832509,9.506727220695764,0.8597165684340426,0.9782064864533812,0.7687375471417752,,,,,,,
facial_age,repeated,0,equal_average,combination,siglip2_b16,linear_stack,False,False,mae,8.864080147436527,0.717861829906781,166.67458648425315,8.730351129713103,0.8543670231647039,1.1475659289498854,-4.330428446583429,,,,,,,
facial_age,repeated,0,linear_stack,combination,siglip2_b16,linear_stack,False,True,mae,4.649800567506955,0.929064577794455,41.905468371361245,4.694648438398052,0.963911143917468,0.99219581794199,0.2730939977254216,,,,,,,
facial_age,repeated,0,greedy_average,combination,siglip2_b16,linear_stack,False,False,mae,4.77448850898073,0.9266969036968224,43.3041841176993,4.772633595235675,0.9626552491329698,0.9976810401417208,0.1130221304278791,,,,,,,
facial_age,repeated,0,feature_concatenation,combination,siglip2_b16,linear_stack,False,False,mae,15.528019915469091,-0.3430992667261565,793.4428539567045,5.810010319794378,0.6423529549634378,0.4250596949557375,17.530108970869016,,,,,,,
facial_age,repeated,1,resnet50,encoder,siglip2_b16,linear_stack,False,False,mae,9.693558320769208,0.7221400663447922,162.69372311461586,9.888798169028597,0.850019952463564,0.9947998981431642,-0.3168611470780398,,,,,,,
facial_age,repeated,1,vgg16,encoder,siglip2_b16,linear_stack,False,False,mae,10.709807580187915,0.6618752246685191,197.98024800593848,10.94679462248516,0.8138101898979818,0.9912732988921868,-0.2058074093389201,,,,,,,
facial_age,repeated,1,inception_v3,encoder,siglip2_b16,linear_stack,False,False,mae,9.387061492224657,0.7275399781539531,159.53194392189093,9.672097291841371,0.8529693891903865,1.0020532584408877,-0.1486257276179969,,,,,,,
facial_age,repeated,1,mobilenet_v2,encoder,siglip2_b16,linear_stack,False,False,mae,9.776577283396731,0.7212369882381056,163.22249722575663,9.898796695995712,0.8492918811190776,0.9943835703788968,0.0148732076894404,,,,,,,
facial_age,repeated,1,coco_deeplab,encoder,siglip2_b16,linear_stack,False,False,mae,19.920018940887164,0.0282735635248477,568.9693714359588,20.03077629180956,0.1747630284847817,0.8268291005821127,4.343288617320432,,,,,,,
facial_age,repeated,1,ade20k_segformer,encoder,siglip2_b16,linear_stack,False,False,mae,20.347975440559345,0.019398109458809,574.166164825136,20.096673797945183,0.1599782476977999,0.7128206396608481,7.434688137613001,,,,,,,
facial_age,repeated,1,dinov2_vitb14,encoder,siglip2_b16,linear_stack,False,False,mae,5.751570877737712,0.8960574400151189,60.86088717990178,5.92826735899694,0.9466643567957472,1.0006341558473328,-0.2784746613225657,,,,,,,
facial_age,repeated,1,siglip2_b16,encoder,siglip2_b16,linear_stack,True,False,mae,4.634781188825428,0.9300128741424204,40.97915782989463,4.635876529913405,0.964419392929256,1.0084143344655705,-0.3677722806676229,,,,,,,
facial_age,repeated,1,convnext_b,encoder,siglip2_b16,linear_stack,False,False,mae,8.896471372611268,0.7743379961405594,132.13057057357108,8.845060813823041,0.8802802272783732,1.018135613352899,-0.9520779066880252,,,,,,,
facial_age,repeated,1,vit_b16,encoder,siglip2_b16,linear_stack,False,False,mae,9.062897627358591,0.746834770244363,148.23437568088457,9.389259097345642,0.8644104365266719,1.0203020534271967,-0.7941908791072052,,,,,,,
facial_age,repeated,1,equal_average,combination,siglip2_b16,linear_stack,False,False,mae,8.808125111548376,0.7884813597676652,123.84928850606362,8.731062635419983,0.9213237045225516,1.362481219925551,-10.914809158621892,,,,,,,
facial_age,repeated,1,linear_stack,combination,siglip2_b16,linear_stack,False,True,mae,4.529641330524485,0.933515621708976,38.92821426549887,4.565175809947237,0.9662144945693694,1.00452348877579,-0.2750142246543348,,,,,,,
facial_age,repeated,1,greedy_average,combination,siglip2_b16,linear_stack,False,False,mae,4.634781188825428,0.9300128741424204,40.97915782989463,4.635876529913405,0.964419392929256,1.0084143344655705,-0.3677722806676229,,,,,,,
facial_age,repeated,1,feature_concatenation,combination,siglip2_b16,linear_stack,False,False,mae,6.851181439131088,0.8088789648033905,111.90599656674598,6.642376717951911,0.9010208176040556,1.0642185092869696,-1.884161536166136,,,,,,,
facial_age,repeated,2,resnet50,encoder,siglip2_b16,linear_stack,False,False,mae,10.061444814202268,0.7266105215452081,166.5056171032787,9.960159937846276,0.8524225301950461,0.9991676660652088,0.1141149025514529,,,,,,,
facial_age,repeated,2,vgg16,encoder,siglip2_b16,linear_stack,False,False,mae,10.929670048221196,0.6861271380219348,191.1616894366768,10.68817583287546,0.8285302744669766,1.0186461194463077,-0.295781629358828,,,,,,,
facial_age,repeated,2,inception_v3,encoder,siglip2_b16,linear_stack,False,False,mae,9.767803476386414,0.74346145703279,156.24269320443045,9.556019806492374,0.8623766924229231,1.0177537154880063,-0.4667105040470396,,,,,,,
facial_age,repeated,2,mobilenet_v2,encoder,siglip2_b16,linear_stack,False,False,mae,9.962125478158685,0.7131276456157822,174.71725198273597,10.18260515518863,0.8447949969592151,1.0257526552566465,-0.5102106953152585,,,,,,,
facial_age,repeated,2,coco_deeplab,encoder,siglip2_b16,linear_stack,False,False,mae,20.688102244742296,0.0255255557163257,593.4956590645041,20.350501449272063,0.1899389459600651,2.1353350942770515,-32.72493090795746,,,,,,,
facial_age,repeated,2,ade20k_segformer,encoder,siglip2_b16,linear_stack,False,False,mae,21.77291761879764,0.0285294587092949,591.666156611119,20.22987705711239,0.1704889042716884,1.0398249954284144,-0.612053817985899,,,,,,,
facial_age,repeated,2,dinov2_vitb14,encoder,siglip2_b16,linear_stack,False,False,mae,5.975732090777468,0.9025237985507693,59.36708013388871,5.631609966985096,0.9500944472093572,1.0131566116714148,-0.3443104418494336,,,,,,,
facial_age,repeated,2,siglip2_b16,encoder,siglip2_b16,linear_stack,True,False,mae,4.605809318829986,0.9273690526835312,44.23528210404093,4.763183400508246,0.9631101680842228,1.0119175869859491,-0.1257222666095998,,,,,,,
facial_age,repeated,2,convnext_b,encoder,siglip2_b16,linear_stack,False,False,mae,9.0239019622962,0.7762277158565889,136.28667230538704,8.86583330429059,0.881227262495452,1.0193895357157237,-0.3929441238645736,,,,,,,
facial_age,repeated,2,vit_b16,encoder,siglip2_b16,linear_stack,False,False,mae,9.31434304159202,0.7606077749781246,145.79986904501757,9.321757693092088,0.8723592456575091,1.0213121255863895,-0.4197536115116413,,,,,,,
facial_age,repeated,2,equal_average,combination,siglip2_b16,linear_stack,False,False,mae,9.016577176732588,0.7909741169361055,127.30549780783448,8.840852896396003,0.926080446944169,1.3861745043048033,-11.14584576013122,,,,,,,
facial_age,repeated,2,linear_stack,combination,siglip2_b16,linear_stack,False,True,mae,4.561677274988272,0.9321699964574346,41.31130671819195,4.574688245920683,0.9655621216619796,1.0094737691880216,-0.0914359932799797,,,,,,,
facial_age,repeated,2,greedy_average,combination,siglip2_b16,linear_stack,False,False,mae,4.605809318829986,0.9273690526835312,44.23528210404093,4.763183400508246,0.9631101680842228,1.0119175869859491,-0.1257222666095998,,,,,,,
facial_age,repeated,2,feature_concatenation,combination,siglip2_b16,linear_stack,False,False,mae,6.23947680463346,-6.41066087029908,4513.402155512401,6.923519322371848,0.2871019975428731,0.1012919328280629,26.522693663298647,,,,,,,
facial_age,repeated,3,resnet50,encoder,siglip2_b16,linear_stack,False,False,mae,9.887319124516097,0.7335963872419516,157.7267259185521,9.568667436728376,0.8565041230641721,1.001963952479827,-0.0483622516500261,,,,,,,
facial_age,repeated,3,vgg16,encoder,siglip2_b16,linear_stack,False,False,mae,11.080577597317191,0.676756211161647,191.37947852563772,10.766013154695656,0.8228155209157804,1.000987480585929,-0.4274382289236023,,,,,,,
facial_age,repeated,3,inception_v3,encoder,siglip2_b16,linear_stack,False,False,mae,9.66203858418042,0.7424008017135741,152.51399079885178,9.279333049851624,0.861765351865948,0.9967140789137112,-0.2740582878210382,,,,,,,
facial_age,repeated,3,mobilenet_v2,encoder,siglip2_b16,linear_stack,False,False,mae,10.118383727510986,0.7255192354936126,162.50887840824026,9.712189357138556,0.851862630259448,0.9861895261977563,0.3266579587403377,,,,,,,
facial_age,repeated,3,coco_deeplab,encoder,siglip2_b16,linear_stack,False,False,mae,20.51737688076446,0.0467917147548946,564.3557923018656,19.970658040238384,0.2213903956605322,1.198216374375893,-6.551533459579868,,,,,,,
facial_age,repeated,3,ade20k_segformer,encoder,siglip2_b16,linear_stack,False,False,mae,20.50927695017773,0.0165173660834896,582.2800007832054,20.2251822682863,0.134622068348432,0.8009150043991242,5.281627069330085,,,,,,,
facial_age,repeated,3,dinov2_vitb14,encoder,siglip2_b16,linear_stack,False,False,mae,6.004665059514715,0.9000262608390684,59.19037805996375,5.620883741832477,0.9487412699378888,0.9906153206266304,0.2278035378810514,,,,,,,
facial_age,repeated,3,siglip2_b16,encoder,siglip2_b16,linear_stack,True,False,mae,4.881589521514913,0.9268839757878056,43.28901921328243,4.651294736194068,0.9628601517942366,0.9894338157674072,0.0506499410327698,,,,,,,
facial_age,repeated,3,convnext_b,encoder,siglip2_b16,linear_stack,False,False,mae,9.024648799260673,0.7829500970423937,128.50640499960122,8.59440835988328,0.8849544959881686,1.0160034103010829,-0.4529792499077985,,,,,,,
facial_age,repeated,3,vit_b16,encoder,siglip2_b16,linear_stack,False,False,mae,9.546920328696546,0.7642980255462899,139.54953665319152,9.049793102078391,0.8743832297961649,0.9941688250631248,-0.1929076095962507,,,,,,,
facial_age,repeated,3,equal_average,combination,siglip2_b16,linear_stack,False,False,mae,8.850759696950998,0.7974709505407492,119.90919921801644,8.545699510918473,0.9244675149146476,1.3483427440831717,-10.362824418605763,,,,,,,
facial_age,repeated,3,linear_stack,combination,siglip2_b16,linear_stack,False,True,mae,4.752792445319909,0.9307825135542576,40.9808538269115,4.539413857104066,0.9648894325398486,0.9860299039830162,0.2448727192135038,,,,,,,
facial_age,repeated,3,greedy_average,combination,siglip2_b16,linear_stack,False,False,mae,4.881589521514913,0.9268839757878056,43.28901921328243,4.651294736194068,0.9628601517942366,0.9894338157674072,0.0506499410327698,,,,,,,
facial_age,repeated,3,feature_concatenation,combination,siglip2_b16,linear_stack,False,False,mae,5.44370120418316,0.8737233781027192,74.76324335737199,5.21637483436398,0.935229683699246,0.9684147075206838,0.9265514287792732,,,,,,,
facial_age,repeated,4,resnet50,encoder,siglip2_b16,linear_stack,False,False,mae,10.072867643348328,0.731160521490912,154.98935113021477,9.67174673991519,0.8554320763996492,0.9967328073688752,-0.489330486306514,,,,,,,
facial_age,repeated,4,vgg16,encoder,siglip2_b16,linear_stack,False,False,mae,11.042576210703825,0.6743576808159564,187.73690542316345,10.624142294202093,0.821451925046971,1.018041959364642,-0.8805693599762456,,,,,,,
facial_age,repeated,4,inception_v3,encoder,siglip2_b16,linear_stack,False,False,mae,9.801812349905902,0.7356825037281909,152.38237131956726,9.454518679715482,0.8579576634657439,1.00353304339928,-0.5842147714678987,,,,,,,
facial_age,repeated,4,mobilenet_v2,encoder,siglip2_b16,linear_stack,False,False,mae,10.336291923875546,0.725601452553498,158.19422450772663,9.725494449928684,0.8518529302023268,1.0005777304389296,-0.1895329484485763,,,,,,,
facial_age,repeated,4,coco_deeplab,encoder,siglip2_b16,linear_stack,False,False,mae,20.55295740896828,0.0276273502074063,560.5851003874311,19.859499600370693,0.1732447055364859,0.7888568105690142,5.832783172094402,,,,,,,
facial_age,repeated,4,ade20k_segformer,encoder,siglip2_b16,linear_stack,False,False,mae,20.883306901024515,0.0216888973085167,564.0086934051699,19.810987388278107,0.1544138586265069,0.7894120197396209,5.702158295776751,,,,,,,
facial_age,repeated,4,dinov2_vitb14,encoder,siglip2_b16,linear_stack,False,False,mae,6.067002919802882,0.9020161823227608,56.48890708788968,5.657007991969512,0.9497539025472878,1.0022527538211754,-0.1477779494270805,,,,,,,
facial_age,repeated,4,siglip2_b16,encoder,siglip2_b16,linear_stack,True,False,mae,4.929019607842913,0.9277731038995072,41.63971684086717,4.617332386828054,0.963308751374674,0.9908708583434884,0.013128850779001,,,,,,,
facial_age,repeated,4,convnext_b,encoder,siglip2_b16,linear_stack,False,False,mae,9.113397808696234,0.7784513856724292,127.72557129204384,8.608599633994485,0.8832531519925582,1.0484473948597015,-1.5147653194748472,,,,,,,
facial_age,repeated,4,vit_b16,encoder,siglip2_b16,linear_stack,False,False,mae,9.389433819772758,0.7566839088170174,140.27479632503392,9.156974576910136,0.8701121394047798,1.022793005328783,-0.8068481147199158,,,,,,,
facial_age,repeated,4,equal_average,combination,siglip2_b16,linear_stack,False,False,mae,8.977284735802174,0.7940850918500546,118.71254244052166,8.585855130698155,0.9260828439952764,1.3733493731375013,-11.248075819472229,,,,,,,
facial_age,repeated,4,linear_stack,combination,siglip2_b16,linear_stack,False,True,mae,4.839065597113731,0.9334422402111472,38.37138823346692,4.475315637767664,0.966222421432103,0.991147358313307,0.0590028533400932,,,,,,,
facial_age,repeated,4,greedy_average,combination,siglip2_b16,linear_stack,False,False,mae,4.929019607842913,0.9277731038995072,41.63971684086717,4.617332386828054,0.963308751374674,0.9908708583434884,0.013128850779001,,,,,,,
facial_age,repeated,4,feature_concatenation,combination,siglip2_b16,linear_stack,False,False,mae,5.685269229123619,0.920893281138679,45.60602146065393,4.835606365214567,0.9598557545641152,0.9793959237135847,0.4872106952007691,,,,,,,
facial_age,repeated,5,resnet50,encoder,siglip2_b16,linear_stack,False,False,mae,9.6652330344456,0.7353577326899361,172.73945018757792,9.977176575851267,0.858251482012074,1.0037244579836204,0.7868492521395289,,,,,,,
facial_age,repeated,5,vgg16,encoder,siglip2_b16,linear_stack,False,False,mae,10.547042954413028,0.6813513953973905,207.9909053137125,11.111859909682291,0.8262226985381695,1.015452651243565,0.4104629915771234,,,,,,,
facial_age,repeated,5,inception_v3,encoder,siglip2_b16,linear_stack,False,False,mae,9.230240426252308,0.7528786756562268,161.30303798657854,9.657449302066595,0.8685009108714453,1.0134540031560868,0.5237268859875677,,,,,,,
facial_age,repeated,5,mobilenet_v2,encoder,siglip2_b16,linear_stack,False,False,mae,9.745564828653777,0.7358641210282163,172.40891627844454,10.105606145470734,0.8586158124357711,1.0200164510786889,0.2534690935253429,,,,,,,
facial_age,repeated,5,coco_deeplab,encoder,siglip2_b16,linear_stack,False,False,mae,19.565315043121657,0.0011798018041871,651.9580323518152,21.004572060505065,0.1587104663841647,0.5162631917594299,15.079221328284095,,,,,,,
facial_age,repeated,5,ade20k_segformer,encoder,siglip2_b16,linear_stack,False,False,mae,19.762043740752777,-0.4482425077208936,945.3086125085237,21.440152109229995,0.0601712010695747,0.0824138900482499,27.630620863363937,,,,,,,
facial_age,repeated,5,dinov2_vitb14,encoder,siglip2_b16,linear_stack,False,False,mae,5.7180387281406055,0.8964356683619489,67.59935171368836,6.071044645669555,0.9471130744870304,1.0163342706966576,-5.025643762479604e-06,,,,,,,
facial_age,repeated,5,siglip2_b16,encoder,siglip2_b16,linear_stack,True,False,mae,4.503720300282908,0.9315080500090456,44.70662190121982,4.827404202062327,0.9653166246717974,1.016420049631419,-0.2530258744571476,,,,,,,
facial_age,repeated,5,convnext_b,encoder,siglip2_b16,linear_stack,False,False,mae,8.68392209171214,0.7831208132209879,141.5631443235859,8.994181126575146,0.8857720306925843,1.00850675751517,0.7142965270790178,,,,,,,
facial_age,repeated,5,vit_b16,encoder,siglip2_b16,linear_stack,False,False,mae,9.18362739301948,0.7544688680516528,160.2650746904263,9.686589048003324,0.8693030850194325,1.0364733922643743,-0.6480560611474466,,,,,,,
facial_age,repeated,5,equal_average,combination,siglip2_b16,linear_stack,False,False,mae,8.364750706007854,0.7882071266029351,138.24316454102956,9.0085338417173,0.9195773823150024,1.3481785574123328,-9.343245031849658,,,,,,,
facial_age,repeated,5,linear_stack,combination,siglip2_b16,linear_stack,False,True,mae,4.470691840379347,0.9337424683690112,43.24815420098179,4.737256283162247,0.9664494725633196,1.011979404412657,-0.0412608451579501,,,,,,,
facial_age,repeated,5,greedy_average,combination,siglip2_b16,linear_stack,False,False,mae,4.503720300282908,0.9315080500090456,44.70662190121982,4.827404202062327,0.9653166246717974,1.016420049631419,-0.2530258744571476,,,,,,,
facial_age,repeated,5,feature_concatenation,combination,siglip2_b16,linear_stack,False,False,mae,4.968138334917176,0.901871467771142,64.05125257284377,5.22126295051176,0.9501483333918924,0.9716499317292184,1.1457428743546494,,,,,,,
facial_age,repeated,6,resnet50,encoder,siglip2_b16,linear_stack,False,False,mae,9.57888069402831,0.7401425975401551,160.44899041012283,9.781656534690812,0.8604792675540665,1.0198386621183446,-0.5604405914184838,,,,,,,
facial_age,repeated,6,vgg16,encoder,siglip2_b16,linear_stack,False,False,mae,10.928414856644348,0.6681758967941446,204.88484010514605,11.154930452733373,0.8177006052444677,1.013644862375484,0.0537588624231517,,,,,,,
facial_age,repeated,6,inception_v3,encoder,siglip2_b16,linear_stack,False,False,mae,9.66994385188255,0.7214660551312214,171.98082419857266,9.992560625807476,0.8495266897077123,1.018109977494653,-0.514928423977743,,,,,,,
facial_age,repeated,6,mobilenet_v2,encoder,siglip2_b16,linear_stack,False,False,mae,9.947553517854832,0.725187779612871,169.6828448837153,10.01015797549859,0.8518070733396095,1.0191941066711308,-0.2860777508700423,,,,,,,
facial_age,repeated,6,coco_deeplab,encoder,siglip2_b16,linear_stack,False,False,mae,19.870558470842862,-0.1428018853583315,705.6231879823534,20.64917477925253,0.1609914777829818,0.2816747490798422,21.608668648609783,,,,,,,
facial_age,repeated,6,ade20k_segformer,encoder,siglip2_b16,linear_stack,False,False,mae,20.411034157566387,-0.752243374133641,1081.9229226152777,21.443754812144057,0.071503975370063,0.0759878148761247,27.751155492665823,,,,,,,
facial_age,repeated,6,dinov2_vitb14,encoder,siglip2_b16,linear_stack,False,False,mae,5.854352925509953,0.8923545652316313,66.46568913314843,5.921997324205897,0.944654316224634,0.9968841572966374,0.1655401567631145,,,,,,,
facial_age,repeated,6,siglip2_b16,encoder,siglip2_b16,linear_stack,True,False,mae,4.761116561335096,0.9232727218224396,47.37526891275902,4.756331543628832,0.960884899471602,0.9950985998739303,0.0934140248350559,,,,,,,
facial_age,repeated,6,convnext_b,encoder,siglip2_b16,linear_stack,False,False,mae,9.202766580951067,0.7808846681598973,135.29279306390436,8.776201598515508,0.8839299325632787,1.024481222946674,-0.7044571933414652,,,,,,,
facial_age,repeated,6,vit_b16,encoder,siglip2_b16,linear_stack,False,False,mae,9.281416852562757,0.7552388941138601,151.127779926011,9.349770830660894,0.8693943596369588,1.0222024723557754,-0.2626748849115898,,,,,,,
facial_age,repeated,6,equal_average,combination,siglip2_b16,linear_stack,False,False,mae,8.729194576799298,0.7753200665501255,138.72865712577345,8.909868034446228,0.905416020361354,1.3031334987472143,-8.759801349144432,,,,,,,
facial_age,repeated,6,linear_stack,combination,siglip2_b16,linear_stack,False,True,mae,4.632929191683186,0.9275926775152076,44.70791165081534,4.647800707799457,0.9631473590675624,0.9922348825882004,0.187542591594493,,,,,,,
facial_age,repeated,6,greedy_average,combination,siglip2_b16,linear_stack,False,False,mae,4.761116561335096,0.9232727218224396,47.37526891275902,4.756331543628832,0.960884899471602,0.9950985998739303,0.0934140248350559,,,,,,,
facial_age,repeated,6,feature_concatenation,combination,siglip2_b16,linear_stack,False,False,mae,6.029820382412762,0.660064138391409,209.8934464940708,5.680379239839008,0.8428790160670049,0.7897802361987566,6.164045077525476,,,,,,,
facial_age,repeated,7,resnet50,encoder,siglip2_b16,linear_stack,False,False,mae,9.561130043821402,0.7160422591081466,175.56302919161885,10.146102289017133,0.8462918376094318,1.0036127555051588,0.2054942779817672,,,,,,,
facial_age,repeated,7,vgg16,encoder,siglip2_b16,linear_stack,False,False,mae,10.77823986879604,0.6616274141340708,209.2061867496284,11.171330573523615,0.8137319580587774,0.9901177145319748,0.8284749874947188,,,,,,,
facial_age,repeated,7,inception_v3,encoder,siglip2_b16,linear_stack,False,False,mae,9.632533482302264,0.7189825775539354,173.74511356970498,10.051556198468887,0.8479845424083438,0.9903012080972482,0.4174428350773205,,,,,,,
facial_age,repeated,7,mobilenet_v2,encoder,siglip2_b16,linear_stack,False,False,mae,9.883788181543787,0.7082157683569822,180.40192676806464,10.394747580180317,0.8417259281464201,0.9861230314870746,0.7135698010799274,,,,,,,
facial_age,repeated,7,coco_deeplab,encoder,siglip2_b16,linear_stack,False,False,mae,20.37192671496737,0.0521328868889218,586.0393913764578,20.14133483629717,0.2365345135489521,1.2463410094150416,-6.148129350568283,,,,,,,
facial_age,repeated,7,ade20k_segformer,encoder,siglip2_b16,linear_stack,False,False,mae,21.815638108448077,-0.0767343507207745,665.7143547257789,20.69458431618221,0.0446587730564206,0.1376978406381532,25.97861551469457,,,,,,,
facial_age,repeated,7,dinov2_vitb14,encoder,siglip2_b16,linear_stack,False,False,mae,5.634622508691982,0.8923520537171766,66.5556764760532,5.942566591269716,0.9446563186513364,1.004780694897217,-0.0981772058498577,,,,,,,
facial_age,repeated,7,siglip2_b16,encoder,siglip2_b16,linear_stack,True,False,mae,4.708200588696088,0.9211827718208822,48.730459990815966,4.9486601762232425,0.959788336067615,1.003137678516877,-0.1283159338305211,,,,,,,
facial_age,repeated,7,convnext_b,encoder,siglip2_b16,linear_stack,False,False,mae,8.889304004051313,0.7585585037076544,149.27643926349214,9.287195643085775,0.8710099979667665,1.0009767832410326,0.2185445299232498,,,,,,,
facial_age,repeated,7,vit_b16,encoder,siglip2_b16,linear_stack,False,False,mae,9.322137228480548,0.7346756154430314,164.04255268731703,9.879804928592163,0.8571490517882386,0.9969187944769484,0.2084558406404753,,,,,,,
facial_age,repeated,7,equal_average,combination,siglip2_b16,linear_stack,False,False,mae,8.806742300220767,0.7799235849835506,136.06701459367827,8.97468993682715,0.9148672161890834,1.3526538592299675,-10.156803030748245,,,,,,,
facial_age,repeated,7,linear_stack,combination,siglip2_b16,linear_stack,False,True,mae,4.515487521871697,0.9254151494076728,46.11370079458512,4.793941126838241,0.9619862215535973,1.001370230867847,-0.0605771908003411,,,,,,,
facial_age,repeated,7,greedy_average,combination,siglip2_b16,linear_stack,False,False,mae,4.708200588696088,0.9211827718208822,48.730459990815966,4.9486601762232425,0.959788336067615,1.003137678516877,-0.1283159338305211,,,,,,,
facial_age,repeated,7,feature_concatenation,combination,siglip2_b16,linear_stack,False,False,mae,5.647307179599903,0.8942383033399597,65.38946175499208,5.59943499363412,0.9456530142012938,1.0029859882150605,-0.1809621597489403,,,,,,,
facial_age,repeated,8,resnet50,encoder,siglip2_b16,linear_stack,False,False,mae,9.632484797659652,0.7303844626819895,164.3216656422534,9.915804925014523,0.8546550038511,1.0039904125286254,0.0353526556931562,,,,,,,
facial_age,repeated,8,vgg16,encoder,siglip2_b16,linear_stack,False,False,mae,10.698991933959505,0.6703434710643514,200.9146448435445,10.97144215349702,0.8187701870570817,1.0060448527275143,-0.0792087002319092,,,,,,,
facial_age,repeated,8,inception_v3,encoder,siglip2_b16,linear_stack,False,False,mae,9.598151422099782,0.7174260861080803,172.21936339300572,10.081341043812268,0.847040969528577,1.00172151017666,0.1235394833281802,,,,,,,
facial_age,repeated,8,mobilenet_v2,encoder,siglip2_b16,linear_stack,False,False,mae,9.959360697197589,0.7209441407020062,170.07522661051598,9.885314059952997,0.8491852526731065,1.0070966767911491,0.0765451787348219,,,,,,,
facial_age,repeated,8,coco_deeplab,encoder,siglip2_b16,linear_stack,False,False,mae,19.96099590027383,-0.0083374123614761,614.5479773786361,20.34724572613894,0.1428599463167197,0.4637476123289278,16.533704575633088,,,,,,,
facial_age,repeated,8,ade20k_segformer,encoder,siglip2_b16,linear_stack,False,False,mae,20.12658254881287,-0.0593333449787938,645.6282951971672,20.74079475982932,0.0557492610114875,0.1835653053450305,24.64741821613624,,,,,,,
facial_age,repeated,8,dinov2_vitb14,encoder,siglip2_b16,linear_stack,False,False,mae,5.608079160755668,0.8912755996048676,66.26389097083388,6.063843538528228,0.9441162182571552,1.0094039832472432,-0.2431240771771001,,,,,,,
facial_age,repeated,8,siglip2_b16,encoder,siglip2_b16,linear_stack,True,False,mae,4.745897104726451,0.924234446618743,46.17657444285411,4.8307128981722185,0.9614647909727524,0.9916265585303258,-0.0102461085767089,,,,,,,
facial_age,repeated,8,convnext_b,encoder,siglip2_b16,linear_stack,False,False,mae,8.82391603330042,0.7785093914139622,134.9911288088918,8.828857226932884,0.8828352522371931,1.0328920930470622,-0.7344843076839638,,,,,,,
facial_age,repeated,8,vit_b16,encoder,siglip2_b16,linear_stack,False,False,mae,9.128223332516331,0.7413069378922382,157.66478177963197,9.469943080837174,0.8613309713213932,1.0274344913573394,-0.6351528909483797,,,,,,,
facial_age,repeated,8,equal_average,combination,siglip2_b16,linear_stack,False,False,mae,8.481261281450251,0.7846281766632929,131.26193354856326,8.901394173663965,0.9200274380050066,1.369873932554827,-10.742381757154996,,,,,,,
facial_age,repeated,8,linear_stack,combination,siglip2_b16,linear_stack,False,True,mae,4.55894424033059,0.9287238527780816,43.44043132148423,4.680480626416387,0.963754188017756,0.9938407669892666,-0.009254343843466,,,,,,,
facial_age,repeated,8,greedy_average,combination,siglip2_b16,linear_stack,False,False,mae,4.745897104726451,0.924234446618743,46.17657444285411,4.8307128981722185,0.9614647909727524,0.9916265585303258,-0.0102461085767089,,,,,,,
facial_age,repeated,8,feature_concatenation,combination,siglip2_b16,linear_stack,False,False,mae,5.469950090787432,0.8071091936128025,117.5605045166082,5.494417161240964,0.9034001129148695,0.9056006625004104,3.111564145419297,,,,,,,
facial_age,repeated,9,resnet50,encoder,siglip2_b16,linear_stack,False,False,mae,9.441801805704182,0.7163223132651899,169.24464421561535,10.092904288827151,0.8465799101538571,0.9792942838983788,0.791455302914553,,,,,,,
facial_age,repeated,9,vgg16,encoder,siglip2_b16,linear_stack,False,False,mae,10.62987767006156,0.6691643512322418,197.37950599507167,10.8463017487727,0.8182947701723462,0.9765208579700198,0.8733187100713486,,,,,,,
facial_age,repeated,9,inception_v3,encoder,siglip2_b16,linear_stack,False,False,mae,9.673966986809662,0.725010495056406,164.06119727955257,9.842223298820526,0.8515444573566145,0.9916754385093104,0.0496526444542446,,,,,,,
facial_age,repeated,9,mobilenet_v2,encoder,siglip2_b16,linear_stack,False,False,mae,9.512832678126314,0.7155884878591836,169.68245101383576,9.950589096309365,0.8461283618892818,0.9785534671225992,0.6145547546195473,,,,,,,
facial_age,repeated,9,coco_deeplab,encoder,siglip2_b16,linear_stack,False,False,mae,19.944677392359758,0.0331360688798019,576.8396658575451,19.941459705170477,0.1987910145156119,0.7167314603597478,8.657602703902285,,,,,,,
facial_age,repeated,9,ade20k_segformer,encoder,siglip2_b16,linear_stack,False,False,mae,20.89053705104052,-180.46204329510095,108261.87744835892,28.705740487884626,0.0342459304814479,0.002543708876526,29.61672838449177,,,,,,,
facial_age,repeated,9,dinov2_vitb14,encoder,siglip2_b16,linear_stack,False,False,mae,5.763377027899564,0.8871916717424505,67.30245723681206,6.050173302287778,0.9419621115114226,1.0075502657322843,-0.3999734360299065,,,,,,,
facial_age,repeated,9,siglip2_b16,encoder,siglip2_b16,linear_stack,True,False,mae,4.755140356126057,0.922698937900332,46.11850478313314,4.810514897628416,0.9605864765566088,1.005480490596321,-0.1666798901553612,,,,,,,
facial_age,repeated,9,convnext_b,encoder,siglip2_b16,linear_stack,False,False,mae,8.8227302358656,0.7554488610387771,145.90139599068036,9.307272312624402,0.8691760269345394,0.9966421199083764,0.1747737767252992,,,,,,,
facial_age,repeated,9,vit_b16,encoder,siglip2_b16,linear_stack,False,False,mae,9.002622193904308,0.7503990390800305,148.91416492079088,9.551941514216477,0.8663471501990553,1.0055730394543558,-0.451039528656743,,,,,,,
facial_age,repeated,9,equal_average,combination,siglip2_b16,linear_stack,False,False,mae,8.423230679623925,-1.0015511932752323,1194.1433374063076,9.659771217589237,0.437943056250617,0.286288275018642,21.432676946487256,,,,,,,
facial_age,repeated,9,linear_stack,combination,siglip2_b16,linear_stack,False,True,mae,4.592707893334361,0.9262704572047428,43.98770443382955,4.708186868032876,0.9624455835932572,1.0051925476085624,-0.2158144650668987,,,,,,,
facial_age,repeated,9,greedy_average,combination,siglip2_b16,linear_stack,False,False,mae,4.755140356126057,0.922698937900332,46.11850478313314,4.810514897628416,0.9605864765566088,1.005480490596321,-0.1666798901553612,,,,,,,
facial_age,repeated,9,feature_concatenation,combination,siglip2_b16,linear_stack,False,False,mae,5.072398886845229,-10.651184666324994,6951.200943012468,7.250249718337889,0.2879895873246571,0.0808299428166055,27.45911674490218,,,,,,,
facial_age,repeated,10,resnet50,encoder,siglip2_b16,linear_stack,False,False,mae,9.840731836714316,0.7258296392092082,159.2237379106408,9.534661222699262,0.8519927982208155,1.000416310288921,0.1777139876759612,,,,,,,
facial_age,repeated,10,vgg16,encoder,siglip2_b16,linear_stack,False,False,mae,10.69199587035181,0.6822984453320475,184.50436775276745,10.449440196919085,0.826062980713428,1.0104755036550794,-0.2335087276919907,,,,,,,
facial_age,repeated,10,inception_v3,encoder,siglip2_b16,linear_stack,False,False,mae,9.29469595783318,0.7205078240193792,162.31436851181212,9.806932103223245,0.848865154927557,0.9907558509553304,0.2970516384299309,,,,,,,
facial_age,repeated,10,mobilenet_v2,encoder,siglip2_b16,linear_stack,False,False,mae,9.694773909128706,0.6998764195347285,174.2960040573812,10.018668887244411,0.8368163293596868,0.9779317033374036,0.7653310901134347,,,,,,,
facial_age,repeated,10,coco_deeplab,encoder,siglip2_b16,linear_stack,False,False,mae,19.96276421796887,0.0397254256168576,557.6770104282141,19.69677570139301,0.2010440869504803,0.9071064046398972,2.332689939682598,,,,,,,
facial_age,repeated,10,ade20k_segformer,encoder,siglip2_b16,linear_stack,False,False,mae,20.23451109393691,-0.1387827603581279,661.3451842476054,20.320502874718457,0.0850380925160023,0.1822607824133995,23.60059285773399,,,,,,,
facial_age,repeated,10,dinov2_vitb14,encoder,siglip2_b16,linear_stack,False,False,mae,5.886530537933486,0.8912760674039472,63.14114661539854,5.781555876203917,0.944103848387463,1.0043359510662493,0.0262843129979231,,,,,,,
facial_age,repeated,10,siglip2_b16,encoder,siglip2_b16,linear_stack,True,False,mae,4.803780857649457,0.9197900471479636,46.581725588065225,4.792271863662894,0.9590964759305532,1.008255505233545,-0.1472057080793227,,,,,,,
facial_age,repeated,10,convnext_b,encoder,siglip2_b16,linear_stack,False,False,mae,8.679909253323421,0.7719551462883647,132.43646729180412,8.784840030469326,0.8789311069915877,1.0241167570950622,-0.4105806515823964,,,,,,,
facial_age,repeated,10,vit_b16,encoder,siglip2_b16,linear_stack,False,False,mae,9.394793177985129,0.7490033459932237,145.76566678743993,9.153489371068844,0.8654742408776976,1.0022952238872986,0.0831509601484903,,,,,,,
facial_age,repeated,10,equal_average,combination,siglip2_b16,linear_stack,False,False,mae,8.604850220647046,0.7824678129906717,126.33126291113332,8.580725138553365,0.9150592229041132,1.3440417252104468,-9.943203442055143,,,,,,,
facial_age,repeated,10,linear_stack,combination,siglip2_b16,linear_stack,False,True,mae,4.709106420512354,0.9239178728149384,44.18450135768695,4.675729164511946,0.9612280101644066,1.0046112458101653,-0.0201867316612869,,,,,,,
facial_age,repeated,10,greedy_average,combination,siglip2_b16,linear_stack,False,False,mae,4.803780857649457,0.9197900471479636,46.581725588065225,4.792271863662894,0.9590964759305532,1.008255505233545,-0.1472057080793227,,,,,,,
facial_age,repeated,10,feature_concatenation,combination,siglip2_b16,linear_stack,False,False,mae,5.218849440034133,0.9025293009346492,56.60585993753988,5.101085562053704,0.9502169511286278,0.981091215789877,0.710915952045621,,,,,,,
facial_age,repeated,11,resnet50,encoder,siglip2_b16,linear_stack,False,False,mae,9.469657678098669,0.7096661215719133,165.79860592419254,9.973374253429974,0.8425162167127498,1.0153096151130885,-0.5045406302805624,,,,,,,
facial_age,repeated,11,vgg16,encoder,siglip2_b16,linear_stack,False,False,mae,10.795701281965927,0.6545989437928161,197.24537113597415,10.93384003748801,0.8092276877283335,1.019797336555028,-0.6221878210953022,,,,,,,
facial_age,repeated,11,inception_v3,encoder,siglip2_b16,linear_stack,False,False,mae,9.383605064897232,0.7095588929961825,165.8598400745703,9.751723921143718,0.842357204471635,1.001962984542791,-0.1051807917697367,,,,,,,
facial_age,repeated,11,mobilenet_v2,encoder,siglip2_b16,linear_stack,False,False,mae,9.87658758333476,0.7222002367705402,158.64085072980416,9.757246521738391,0.8509358587233332,1.053179884026124,-1.7146613345473902,,,,,,,
facial_age,repeated,11,coco_deeplab,encoder,siglip2_b16,linear_stack,False,False,mae,20.69144267436243,0.015445335145597,562.2416225513044,19.676168572337623,0.1692532849506657,0.5956520366724832,11.73749047139285,,,,,,,
facial_age,repeated,11,ade20k_segformer,encoder,siglip2_b16,linear_stack,False,False,mae,21.24508492523504,-0.0305236173070586,588.492738245106,19.938237178411025,0.0734889340977135,0.2800959385873127,20.81112938264707,,,,,,,
facial_age,repeated,11,dinov2_vitb14,encoder,siglip2_b16,linear_stack,False,False,mae,5.672774364910567,0.8967439500226838,58.965592414383686,5.772303917953504,0.9469732703284618,1.0018287388559195,-0.1340957771741564,,,,,,,
facial_age,repeated,11,siglip2_b16,encoder,siglip2_b16,linear_stack,True,False,mae,4.750328573417238,0.9219800337230478,44.55422740538093,4.732604937492867,0.9602392081583084,0.9992175837251174,-0.189148843030015,,,,,,,
facial_age,repeated,11,convnext_b,encoder,siglip2_b16,linear_stack,False,False,mae,8.786972284673633,0.7732218024063986,129.504380331327,8.70591029691599,0.8795942366284294,1.0215170239066822,-0.893631928856113,,,,,,,
facial_age,repeated,11,vit_b16,encoder,siglip2_b16,linear_stack,False,False,mae,9.221811268557389,0.7466846627927014,144.65872875593382,9.166061514475825,0.8641509454990656,1.0055178447904152,-0.3297282995100374,,,,,,,
facial_age,repeated,11,equal_average,combination,siglip2_b16,linear_stack,False,False,mae,8.639940564091829,0.7817681834011247,124.6238680662949,8.768834392176554,0.92019859265668,1.3830845766575366,-11.328473039240446,,,,,,,
facial_age,repeated,11,linear_stack,combination,siglip2_b16,linear_stack,False,True,mae,4.580920036218956,0.9287693446950132,40.67711082349184,4.561049702362559,0.9637494881567772,0.9992028839507204,-0.1336725639511584,,,,,,,
facial_age,repeated,11,greedy_average,combination,siglip2_b16,linear_stack,False,False,mae,4.750328573417238,0.9219800337230478,44.55422740538093,4.732604937492867,0.9602392081583084,0.9992175837251174,-0.189148843030015,,,,,,,
facial_age,repeated,11,feature_concatenation,combination,siglip2_b16,linear_stack,False,False,mae,5.252677212643017,0.8876799432739895,64.14170100755715,5.160420345029226,0.9422391191236758,0.9906639901888522,0.0944660151821992,,,,,,,
rice_disease,repeated,0,resnet50,encoder,dinov2_vitb14,dinov2_vitb14,False,False,log_loss,0.0432392126942162,,,,,,,0.9932203389830508,0.9934436279069,0.9933137552308547,0.0219786694722828,0.0107929501306264,,
rice_disease,repeated,0,vgg16,encoder,dinov2_vitb14,dinov2_vitb14,False,False,log_loss,0.0590471263932175,,,,,,,0.9830508474576272,0.9837925840313034,0.983510302360464,0.0540107274239176,0.0114619881436276,,
rice_disease,repeated,0,inception_v3,encoder,dinov2_vitb14,dinov2_vitb14,False,False,log_loss,0.0549142948061574,,,,,,,0.9943502824858758,0.9946427848036384,0.9944352455303644,0.0258792199053049,0.0127599572655147,,
rice_disease,repeated,0,mobilenet_v2,encoder,dinov2_vitb14,dinov2_vitb14,False,False,log_loss,0.030694655595552,,,,,,,0.9977401129943504,0.9976190476190476,0.9977621610845296,0.0083563986381913,0.0064543215838008,,
rice_disease,repeated,0,coco_deeplab,encoder,dinov2_vitb14,dinov2_vitb14,False,False,log_loss,1.0495128840207475,,,,,,,0.5774011299435028,0.5815724282199395,0.5691115098371927,1.035420379462722,0.077380320481085,,
rice_disease,repeated,0,ade20k_segformer,encoder,dinov2_vitb14,dinov2_vitb14,False,False,log_loss,0.9654656351934924,,,,,,,0.6305084745762712,0.6375051185959362,0.6291402540472527,0.8402810138638872,0.0602814571885769,,
rice_disease,repeated,0,dinov2_vitb14,encoder,dinov2_vitb14,dinov2_vitb14,True,True,log_loss,0.0015003693074349,,,,,,,1.0,1.0,1.0,0.0010676726370828,0.0010214243753481,,
rice_disease,repeated,0,siglip2_b16,encoder,dinov2_vitb14,dinov2_vitb14,False,False,log_loss,0.0036615364009125,,,,,,,1.0,1.0,1.0,0.0008323946048365,0.0008195270156703,,
rice_disease,repeated,0,convnext_b,encoder,dinov2_vitb14,dinov2_vitb14,False,False,log_loss,0.0046375242105063,,,,,,,1.0,1.0,1.0,0.0016999112314658,0.0016220839806698,,
rice_disease,repeated,0,vit_b16,encoder,dinov2_vitb14,dinov2_vitb14,False,False,log_loss,0.0102168596806624,,,,,,,1.0,1.0,1.0,0.0006762731288571,0.0006686461206726,,
rice_disease,repeated,0,equal_average,combination,dinov2_vitb14,dinov2_vitb14,False,False,log_loss,0.1247231501765237,,,,,,,1.0,1.0,1.0,0.1205304670167494,0.112423799244713,,
rice_disease,repeated,0,linear_stack,combination,dinov2_vitb14,dinov2_vitb14,False,False,log_loss,0.0017239236985244,,,,,,,1.0,1.0,1.0,0.00096416139938,0.0009635304722985,,
rice_disease,repeated,0,greedy_average,combination,dinov2_vitb14,dinov2_vitb14,False,False,log_loss,0.0015003693074349,,,,,,,1.0,1.0,1.0,0.0010676726370828,0.0010214243753481,,
rice_disease,repeated,0,feature_concatenation,combination,dinov2_vitb14,dinov2_vitb14,False,False,log_loss,0.0018494184356906,,,,,,,1.0,1.0,1.0,0.0004416914191914,0.0004411949597687,,
rice_disease,repeated,1,resnet50,encoder,dinov2_vitb14,dinov2_vitb14,False,False,log_loss,0.0593124947297624,,,,,,,0.996662958843159,0.9969004065040652,0.9968013510964324,0.0221396398512175,0.0131950493507232,,
rice_disease,repeated,1,vgg16,encoder,dinov2_vitb14,dinov2_vitb14,False,False,log_loss,0.0634238070961388,,,,,,,0.9944382647385984,0.9943449018500212,0.9945422789460494,0.0318394953961176,0.0121547632657049,,
rice_disease,repeated,1,inception_v3,encoder,dinov2_vitb14,dinov2_vitb14,False,False,log_loss,0.0451667834906966,,,,,,,0.9944382647385984,0.994617301481234,0.9946936993582608,0.0272877021973794,0.0093803714128827,,
rice_disease,repeated,1,mobilenet_v2,encoder,dinov2_vitb14,dinov2_vitb14,False,False,log_loss,0.0174635119728372,,,,,,,1.0,1.0,1.0,0.0122420798520637,0.0109899682256933,,
rice_disease,repeated,1,coco_deeplab,encoder,dinov2_vitb14,dinov2_vitb14,False,False,log_loss,0.9715167382175116,,,,,,,0.5350389321468298,0.5415135961573568,0.5151859321866329,1.0941644740682352,0.0474951963652058,,
rice_disease,repeated,1,ade20k_segformer,encoder,dinov2_vitb14,dinov2_vitb14,False,False,log_loss,0.8188587632363874,,,,,,,0.6473859844271412,0.6517965207764279,0.6416762568975022,0.7809551319840723,0.0566731476840295,,
rice_disease,repeated,1,dinov2_vitb14,encoder,dinov2_vitb14,dinov2_vitb14,True,True,log_loss,0.0009084078903561,,,,,,,1.0,1.0,1.0,0.0007494597871719,0.0007335644720772,,
rice_disease,repeated,1,siglip2_b16,encoder,dinov2_vitb14,dinov2_vitb14,False,False,log_loss,0.002230093145166,,,,,,,1.0,1.0,1.0,0.0019032628068852,0.0016581062298949,,
rice_disease,repeated,1,convnext_b,encoder,dinov2_vitb14,dinov2_vitb14,False,False,log_loss,0.0026594150836356,,,,,,,1.0,1.0,1.0,0.0016105247165774,0.001561235890929,,
rice_disease,repeated,1,vit_b16,encoder,dinov2_vitb14,dinov2_vitb14,False,False,log_loss,0.0031184404236023,,,,,,,1.0,1.0,1.0,0.0014670851919492,0.001391963178649,,
rice_disease,repeated,1,equal_average,combination,dinov2_vitb14,dinov2_vitb14,False,False,log_loss,0.1228245042102692,,,,,,,1.0,1.0,1.0,0.1189205565895044,0.110992836622168,,
rice_disease,repeated,1,linear_stack,combination,dinov2_vitb14,dinov2_vitb14,False,False,log_loss,0.0013250144831418,,,,,,,1.0,1.0,1.0,0.0009043949550176,0.0009039020575536,,
rice_disease,repeated,1,greedy_average,combination,dinov2_vitb14,dinov2_vitb14,False,False,log_loss,0.0009084078903561,,,,,,,1.0,1.0,1.0,0.0007494597871719,0.0007335644720772,,
rice_disease,repeated,1,feature_concatenation,combination,dinov2_vitb14,dinov2_vitb14,False,False,log_loss,0.009817660127733,,,,,,,1.0,1.0,1.0,0.007026864650926,0.0069797116373984,,
rice_disease,repeated,2,resnet50,encoder,convnext_b,feature_concatenation,False,False,log_loss,0.0285541459776883,,,,,,,0.9910614525139664,0.9912853714241474,0.9912348024204908,0.0327168380172566,0.0132114636410859,,
rice_disease,repeated,2,vgg16,encoder,convnext_b,feature_concatenation,False,False,log_loss,0.0370427362549763,,,,,,,0.9854748603351956,0.9859973103595602,0.986097900614232,0.0387242251671206,0.0109971609681386,,
rice_disease,repeated,2,inception_v3,encoder,convnext_b,feature_concatenation,False,False,log_loss,0.0635993281052204,,,,,,,0.9854748603351956,0.9859314194257224,0.9859755177641848,0.064419660846617,0.0161459504820554,,
rice_disease,repeated,2,mobilenet_v2,encoder,convnext_b,feature_concatenation,False,False,log_loss,0.0281596329630401,,,,,,,0.9977653631284916,0.9977064220183488,0.997797506099214,0.0118496682154859,0.0081447733233064,,
rice_disease,repeated,2,coco_deeplab,encoder,convnext_b,feature_concatenation,False,False,log_loss,0.9838918718113144,,,,,,,0.524022346368715,0.5308904998067027,0.512375403750284,1.072479124138673,0.0338424577623889,,
rice_disease,repeated,2,ade20k_segformer,encoder,convnext_b,feature_concatenation,False,False,log_loss,0.8418769097245431,,,,,,,0.659217877094972,0.665341571789071,0.6607448724900129,0.8473733366355289,0.0663022700636501,,
rice_disease,repeated,2,dinov2_vitb14,encoder,convnext_b,feature_concatenation,False,False,log_loss,0.0020988368027876,,,,,,,1.0,1.0,1.0,0.0004109923973929,0.0004083321782816,,
rice_disease,repeated,2,siglip2_b16,encoder,convnext_b,feature_concatenation,False,False,log_loss,0.0035838240242458,,,,,,,1.0,1.0,1.0,0.0028760890497242,0.0023758839945193,,
rice_disease,repeated,2,convnext_b,encoder,convnext_b,feature_concatenation,True,False,log_loss,0.0008318628954089,,,,,,,1.0,1.0,1.0,0.0017268674623069,0.0016241479119847,,
rice_disease,repeated,2,vit_b16,encoder,convnext_b,feature_concatenation,False,False,log_loss,0.0036824005380451,,,,,,,1.0,1.0,1.0,0.0030545648029119,0.0028674001070978,,
rice_disease,repeated,2,equal_average,combination,convnext_b,feature_concatenation,False,False,log_loss,0.1226082859539706,,,,,,,1.0,1.0,1.0,0.1258116424830844,0.1167115212316635,,
rice_disease,repeated,2,linear_stack,combination,convnext_b,feature_concatenation,False,False,log_loss,0.00117999102307,,,,,,,1.0,1.0,1.0,0.0010522883374047,0.0010512172020534,,
rice_disease,repeated,2,greedy_average,combination,convnext_b,feature_concatenation,False,False,log_loss,0.0020988368027876,,,,,,,1.0,1.0,1.0,0.0004109923973929,0.0004083321782816,,
rice_disease,repeated,2,feature_concatenation,combination,convnext_b,feature_concatenation,False,True,log_loss,0.0007659949607972,,,,,,,0.9977653631284916,0.9979423868312758,0.9979165219806932,0.004035959963084,0.002273290819947,,
rice_disease,repeated,3,resnet50,encoder,siglip2_b16,siglip2_b16,False,False,log_loss,0.0268277627748632,,,,,,,0.9942922374429224,0.9943237008256436,0.994377335326145,0.0277364179570085,0.0136894806802461,,
rice_disease,repeated,3,vgg16,encoder,siglip2_b16,siglip2_b16,False,False,log_loss,0.0581524505359071,,,,,,,0.9874429223744292,0.9878302625296372,0.9877733254116928,0.0454949423850868,0.0116342425412707,,
rice_disease,repeated,3,inception_v3,encoder,siglip2_b16,siglip2_b16,False,False,log_loss,0.047776855088249,,,,,,,0.9908675799086758,0.9911136760911754,0.9911782855690872,0.0350567162584173,0.0242123161626927,,
rice_disease,repeated,3,mobilenet_v2,encoder,siglip2_b16,siglip2_b16,False,False,log_loss,0.02234821362556,,,,,,,0.9988584474885844,0.9988262910798122,0.9988854489164086,0.0094647325943363,0.0067980112547803,,
rice_disease,repeated,3,coco_deeplab,encoder,siglip2_b16,siglip2_b16,False,False,log_loss,1.0116901690466655,,,,,,,0.5525114155251142,0.5592986020606895,0.5411707857470642,1.019226089410515,0.0394003092198509,,
rice_disease,repeated,3,ade20k_segformer,encoder,siglip2_b16,siglip2_b16,False,False,log_loss,0.9354284087568584,,,,,,,0.6472602739726028,0.650627596673925,0.6458511275455499,0.8320277408280451,0.032631046279999,,
rice_disease,repeated,3,dinov2_vitb14,encoder,siglip2_b16,siglip2_b16,False,False,log_loss,0.0013120555754268,,,,,,,1.0,1.0,1.0,0.000523990650295,0.0005199584926397,,
rice_disease,repeated,3,siglip2_b16,encoder,siglip2_b16,siglip2_b16,True,True,log_loss,0.0007152778068716,,,,,,,1.0,1.0,1.0,0.0027553889606914,0.0024369259710102,,
rice_disease,repeated,3,convnext_b,encoder,siglip2_b16,siglip2_b16,False,False,log_loss,0.0025141597268637,,,,,,,1.0,1.0,1.0,0.0013004305163233,0.001269591916099,,
rice_disease,repeated,3,vit_b16,encoder,siglip2_b16,siglip2_b16,False,False,log_loss,0.003904447581183,,,,,,,0.997716894977169,0.9978675614724284,0.9977632776712632,0.0050921069079198,0.0042171284374925,,
rice_disease,repeated,3,equal_average,combination,siglip2_b16,siglip2_b16,False,False,log_loss,0.1231928850905933,,,,,,,1.0,1.0,1.0,0.1215565208448019,0.1130282171029717,,
rice_disease,repeated,3,linear_stack,combination,siglip2_b16,siglip2_b16,False,False,log_loss,0.0012553487213489,,,,,,,1.0,1.0,1.0,0.0009549346450544,0.0009543220427021,,
rice_disease,repeated,3,greedy_average,combination,siglip2_b16,siglip2_b16,False,False,log_loss,0.0018214282692855,,,,,,,1.0,1.0,1.0,0.0009037679211583,0.0008947752043694,,
rice_disease,repeated,3,feature_concatenation,combination,siglip2_b16,siglip2_b16,False,False,log_loss,0.002615909798567,,,,,,,1.0,1.0,1.0,0.000692792659179,0.0006912932143591,,
rice_disease,repeated,4,resnet50,encoder,dinov2_vitb14,dinov2_vitb14,False,False,log_loss,0.035302829954345,,,,,,,0.9876681614349776,0.9877335690780972,0.987909708516402,0.033173131218158,0.0186672662029777,,
rice_disease,repeated,4,vgg16,encoder,dinov2_vitb14,dinov2_vitb14,False,False,log_loss,0.0306032673333987,,,,,,,0.9831838565022422,0.983606169120294,0.983576796617282,0.0401735138186611,0.0133639927569511,,
rice_disease,repeated,4,inception_v3,encoder,dinov2_vitb14,dinov2_vitb14,False,False,log_loss,0.0522169030254345,,,,,,,0.9910313901345292,0.9916353119066038,0.991211591219905,0.0303860518336318,0.0167098959932749,,
rice_disease,repeated,4,mobilenet_v2,encoder,dinov2_vitb14,dinov2_vitb14,False,False,log_loss,0.0194839123332223,,,,,,,1.0,1.0,1.0,0.0092369673140465,0.0081922146551699,,
rice_disease,repeated,4,coco_deeplab,encoder,dinov2_vitb14,dinov2_vitb14,False,False,log_loss,1.0300305646807315,,,,,,,0.554932735426009,0.5616754837393301,0.5440824132118935,0.9894474986558004,0.0342439735734299,,
rice_disease,repeated,4,ade20k_segformer,encoder,dinov2_vitb14,dinov2_vitb14,False,False,log_loss,0.8439477723845121,,,,,,,0.624439461883408,0.628521165385075,0.6227887221976368,0.8857737294833934,0.05311196437613,,
rice_disease,repeated,4,dinov2_vitb14,encoder,dinov2_vitb14,dinov2_vitb14,True,True,log_loss,0.0005323413559448,,,,,,,0.9977578475336324,0.9979253112033196,0.9978219696969696,0.0032552406944226,0.0021991038351695,,
rice_disease,repeated,4,siglip2_b16,encoder,dinov2_vitb14,dinov2_vitb14,False,False,log_loss,0.0098234564545199,,,,,,,1.0,1.0,1.0,0.0017420419797175,0.0016658255639974,,
rice_disease,repeated,4,convnext_b,encoder,dinov2_vitb14,dinov2_vitb14,False,False,log_loss,0.0056497946805926,,,,,,,1.0,1.0,1.0,0.0025113921063205,0.0022892421597417,,
rice_disease,repeated,4,vit_b16,encoder,dinov2_vitb14,dinov2_vitb14,False,False,log_loss,0.0063706033641791,,,,,,,1.0,1.0,1.0,0.0030363131114466,0.0029045096793496,,
rice_disease,repeated,4,equal_average,combination,dinov2_vitb14,dinov2_vitb14,False,False,log_loss,0.1253170721232717,,,,,,,1.0,1.0,1.0,0.1246956445324039,0.1158148881255471,,
rice_disease,repeated,4,linear_stack,combination,dinov2_vitb14,dinov2_vitb14,False,False,log_loss,0.0012957185881333,,,,,,,1.0,1.0,1.0,0.0010663774639925,0.0010642844064875,,
rice_disease,repeated,4,greedy_average,combination,dinov2_vitb14,dinov2_vitb14,False,False,log_loss,0.0023112926790426,,,,,,,1.0,1.0,1.0,0.0024633761069223,0.0022447317827675,,
rice_disease,repeated,4,feature_concatenation,combination,dinov2_vitb14,dinov2_vitb14,False,False,log_loss,0.0005527923048185,,,,,,,1.0,1.0,1.0,0.0004729422338227,0.0004723763008891,,
rice_disease,repeated,5,resnet50,encoder,dinov2_vitb14,linear_stack,False,False,log_loss,0.0337846501640457,,,,,,,0.995505617977528,0.9955566984567922,0.9954595679956056,0.0179095418841595,0.010317225698666,,
rice_disease,repeated,5,vgg16,encoder,dinov2_vitb14,linear_stack,False,False,log_loss,0.0631712621609181,,,,,,,0.9752808988764043,0.9753203988087278,0.9756537513896256,0.0625167311088925,0.0118277742910326,,
rice_disease,repeated,5,inception_v3,encoder,dinov2_vitb14,linear_stack,False,False,log_loss,0.0316928729970289,,,,,,,0.9865168539325844,0.9864881850175968,0.986685550653552,0.0581099082915141,0.018942034171419,,
rice_disease,repeated,5,mobilenet_v2,encoder,dinov2_vitb14,linear_stack,False,False,log_loss,0.0083016085812431,,,,,,,1.0,1.0,1.0,0.0072461083672251,0.0065236191060158,,
rice_disease,repeated,5,coco_deeplab,encoder,dinov2_vitb14,linear_stack,False,False,log_loss,1.0101906335956694,,,,,,,0.5314606741573034,0.5384277229943122,0.5181238164751226,1.034748689541584,0.043404757540304,,
rice_disease,repeated,5,ade20k_segformer,encoder,dinov2_vitb14,linear_stack,False,False,log_loss,0.8494075889978395,,,,,,,0.6112359550561798,0.6174152188026395,0.6092250163186331,0.8870693231487744,0.056512055304612,,
rice_disease,repeated,5,dinov2_vitb14,encoder,dinov2_vitb14,linear_stack,True,False,log_loss,0.0012935280185111,,,,,,,1.0,1.0,1.0,0.0007125969583086,0.0006985166028234,,
rice_disease,repeated,5,siglip2_b16,encoder,dinov2_vitb14,linear_stack,False,False,log_loss,0.01271751907969,,,,,,,1.0,1.0,1.0,0.003876643783366,0.0032567920506568,,
rice_disease,repeated,5,convnext_b,encoder,dinov2_vitb14,linear_stack,False,False,log_loss,0.0045661809088816,,,,,,,0.996629213483146,0.996606334841629,0.9966992150660884,0.0076435990316826,0.0035817849096134,,
rice_disease,repeated,5,vit_b16,encoder,dinov2_vitb14,linear_stack,False,False,log_loss,0.0092632691260415,,,,,,,1.0,1.0,1.0,0.0010257405690413,0.0009838305460912,,
rice_disease,repeated,5,equal_average,combination,dinov2_vitb14,linear_stack,False,False,log_loss,0.12288806227882,,,,,,,1.0,1.0,1.0,0.1239245145549469,0.1151087068849163,,
rice_disease,repeated,5,linear_stack,combination,dinov2_vitb14,linear_stack,False,True,log_loss,0.0012620659936131,,,,,,,1.0,1.0,1.0,0.0010739604371935,0.0010729195079252,,
rice_disease,repeated,5,greedy_average,combination,dinov2_vitb14,linear_stack,False,False,log_loss,0.0012935280185111,,,,,,,1.0,1.0,1.0,0.0007125969583086,0.0006985166028234,,
rice_disease,repeated,5,feature_concatenation,combination,dinov2_vitb14,linear_stack,False,False,log_loss,0.0017378433044985,,,,,,,1.0,1.0,1.0,0.0015269845379064,0.0015191367938418,,
rice_disease,repeated,6,resnet50,encoder,siglip2_b16,feature_concatenation,False,False,log_loss,0.0437152543158983,,,,,,,1.0,1.0,1.0,0.0115136342286655,0.0105198606435966,,
rice_disease,repeated,6,vgg16,encoder,siglip2_b16,feature_concatenation,False,False,log_loss,0.0648873175216665,,,,,,,0.9839080459770116,0.9837240647300756,0.9841398399351978,0.0394091049695655,0.0130131223186199,,
rice_disease,repeated,6,inception_v3,encoder,siglip2_b16,feature_concatenation,False,False,log_loss,0.0481854748162162,,,,,,,0.9816091954022989,0.9818209022820444,0.9819584232782356,0.0598152397799034,0.0074379370845705,,
rice_disease,repeated,6,mobilenet_v2,encoder,siglip2_b16,feature_concatenation,False,False,log_loss,0.0219266584100822,,,,,,,0.9988505747126436,0.998936170212766,0.9988759344110248,0.0083967271033251,0.0076036915003912,,
rice_disease,repeated,6,coco_deeplab,encoder,siglip2_b16,feature_concatenation,False,False,log_loss,1.0238546904770864,,,,,,,0.5620689655172414,0.5683915588826918,0.547550723660871,0.9882928573092798,0.0351748570887223,,
rice_disease,repeated,6,ade20k_segformer,encoder,siglip2_b16,feature_concatenation,False,False,log_loss,0.8878306159064024,,,,,,,0.6597701149425287,0.6634386863915904,0.6563106389999748,0.9351991155492484,0.0250135152536487,,
rice_disease,repeated,6,dinov2_vitb14,encoder,siglip2_b16,feature_concatenation,False,False,log_loss,0.0032188817878677,,,,,,,1.0,1.0,1.0,0.0007528654941768,0.0007362056890639,,
rice_disease,repeated,6,siglip2_b16,encoder,siglip2_b16,feature_concatenation,True,False,log_loss,0.0024646076032556,,,,,,,0.9977011494252872,0.9976303317535544,0.9977502017756256,0.0039039785922658,0.0026073521407654,,
rice_disease,repeated,6,convnext_b,encoder,siglip2_b16,feature_concatenation,False,False,log_loss,0.0062759064380014,,,,,,,1.0,1.0,1.0,0.0009555818749383,0.0009250383277194,,
rice_disease,repeated,6,vit_b16,encoder,siglip2_b16,feature_concatenation,False,False,log_loss,0.0054351125318592,,,,,,,0.9977011494252872,0.9976303317535544,0.9977502017756256,0.0038493603387516,0.0028924288616883,,
rice_disease,repeated,6,equal_average,combination,siglip2_b16,feature_concatenation,False,False,log_loss,0.121918062776643,,,,,,,1.0,1.0,1.0,0.1149018283775712,0.1069161573517198,,
rice_disease,repeated,6,linear_stack,combination,siglip2_b16,feature_concatenation,False,False,log_loss,0.0018499031666451,,,,,,,1.0,1.0,1.0,0.0010100316108258,0.0010089814750633,,
rice_disease,repeated,6,greedy_average,combination,siglip2_b16,feature_concatenation,False,False,log_loss,0.0032188817878677,,,,,,,1.0,1.0,1.0,0.0007528654941768,0.0007362056890639,,
rice_disease,repeated,6,feature_concatenation,combination,siglip2_b16,feature_concatenation,False,True,log_loss,0.0007432565232513,,,,,,,1.0,1.0,1.0,0.0005434593668998,0.0005394694658037,,
rice_disease,repeated,7,resnet50,encoder,dinov2_vitb14,dinov2_vitb14,False,False,log_loss,0.0545246915111181,,,,,,,0.9988662131519276,0.9988425925925926,0.9988823191876856,0.0162402671384605,0.0119455863323361,,
rice_disease,repeated,7,vgg16,encoder,dinov2_vitb14,dinov2_vitb14,False,False,log_loss,0.0473603554791198,,,,,,,0.9829931972789115,0.9836880641600104,0.9834872625349412,0.047303892412474,0.0037192897808325,,
rice_disease,repeated,7,inception_v3,encoder,dinov2_vitb14,dinov2_vitb14,False,False,log_loss,0.0542120118191561,,,,,,,0.9875283446712018,0.9877224170400676,0.9877802098660972,0.0303126408799559,0.0105859363320304,,
rice_disease,repeated,7,mobilenet_v2,encoder,dinov2_vitb14,dinov2_vitb14,False,False,log_loss,0.027026228528965,,,,,,,0.9965986394557824,0.9966075989782888,0.9966469575630568,0.0163282962385407,0.0103821383711632,,
rice_disease,repeated,7,coco_deeplab,encoder,dinov2_vitb14,dinov2_vitb14,False,False,log_loss,1.0629044414840303,,,,,,,0.5385487528344671,0.5448793777439307,0.5281335370858699,1.0407692164292828,0.0353861896308427,,
rice_disease,repeated,7,ade20k_segformer,encoder,dinov2_vitb14,dinov2_vitb14,False,False,log_loss,0.8360601396888391,,,,,,,0.6326530612244898,0.6363624064529967,0.631066173844607,0.8326748325501006,0.0585466442046848,,
rice_disease,repeated,7,dinov2_vitb14,encoder,dinov2_vitb14,dinov2_vitb14,True,True,log_loss,0.0005545673790475,,,,,,,1.0,1.0,1.0,0.0005794967891462,0.0005705081660181,,
rice_disease,repeated,7,siglip2_b16,encoder,dinov2_vitb14,dinov2_vitb14,False,False,log_loss,0.0024349649299412,,,,,,,1.0,1.0,1.0,0.0036538505595307,0.0031262018722147,,
rice_disease,repeated,7,convnext_b,encoder,dinov2_vitb14,dinov2_vitb14,False,False,log_loss,0.0028747564534508,,,,,,,1.0,1.0,1.0,0.0009080707224939,0.0008971246490601,,
rice_disease,repeated,7,vit_b16,encoder,dinov2_vitb14,dinov2_vitb14,False,False,log_loss,0.0087863972664609,,,,,,,0.9954648526077098,0.9954684557438797,0.9955376373246736,0.012903522669101,0.0014648893982871,,
rice_disease,repeated,7,equal_average,combination,dinov2_vitb14,dinov2_vitb14,False,False,log_loss,0.126489986570422,,,,,,,1.0,1.0,1.0,0.1216028629762396,0.1131728060659558,,
rice_disease,repeated,7,linear_stack,combination,dinov2_vitb14,dinov2_vitb14,False,False,log_loss,0.0014060653552318,,,,,,,1.0,1.0,1.0,0.0010407566264737,0.0010399587604227,,
rice_disease,repeated,7,greedy_average,combination,dinov2_vitb14,dinov2_vitb14,False,False,log_loss,0.001403033109093,,,,,,,1.0,1.0,1.0,0.0019673784669359,0.0018483550191163,,
rice_disease,repeated,7,feature_concatenation,combination,dinov2_vitb14,dinov2_vitb14,False,False,log_loss,0.0036922597367505,,,,,,,1.0,1.0,1.0,0.0028702227115397,0.0028536717608026,,
rice_disease,repeated,8,resnet50,encoder,convnext_b,feature_concatenation,False,False,log_loss,0.0306638572949821,,,,,,,0.9909399773499432,0.9913541318966732,0.9911541906028198,0.0177971356527335,0.0110321289507832,,
rice_disease,repeated,8,vgg16,encoder,convnext_b,feature_concatenation,False,False,log_loss,0.0641720711383369,,,,,,,0.9954699886749716,0.9954430757597872,0.9955661017892864,0.0267729382466183,0.0153491855899286,,
rice_disease,repeated,8,inception_v3,encoder,convnext_b,feature_concatenation,False,False,log_loss,0.0426932513507625,,,,,,,0.987542468856172,0.9876675374817964,0.9879186706128992,0.0392258668290152,0.0053859965240838,,
rice_disease,repeated,8,mobilenet_v2,encoder,convnext_b,feature_concatenation,False,False,log_loss,0.0137772098773269,,,,,,,0.9977349943374858,0.9976744186046512,0.9977813555328674,0.010065608710921,0.0069870724055321,,
rice_disease,repeated,8,coco_deeplab,encoder,convnext_b,feature_concatenation,False,False,log_loss,1.043173084641144,,,,,,,0.5537938844847112,0.560513677193943,0.5511357122455635,1.062381850554354,0.0512145561593879,,
rice_disease,repeated,8,ade20k_segformer,encoder,convnext_b,feature_concatenation,False,False,log_loss,0.8619612834995518,,,,,,,0.6534541336353341,0.6568616173374119,0.653485790699391,0.7953423197393453,0.0609167926472858,,
rice_disease,repeated,8,dinov2_vitb14,encoder,convnext_b,feature_concatenation,False,False,log_loss,0.0042129257382333,,,,,,,1.0,1.0,1.0,0.0005912125951874,0.0005849256128177,,
rice_disease,repeated,8,siglip2_b16,encoder,convnext_b,feature_concatenation,False,False,log_loss,0.0145440397775315,,,,,,,1.0,1.0,1.0,0.0017660763911864,0.0015753240458812,,
rice_disease,repeated,8,convnext_b,encoder,convnext_b,feature_concatenation,True,False,log_loss,0.0017311971778991,,,,,,,1.0,1.0,1.0,0.0005881694182889,0.0005813015481765,,
rice_disease,repeated,8,vit_b16,encoder,convnext_b,feature_concatenation,False,False,log_loss,0.0078834479167673,,,,,,,0.9988674971687428,0.9989539748953976,0.9988958445816126,0.0084963688817536,0.0022882177149354,,
rice_disease,repeated,8,equal_average,combination,convnext_b,feature_concatenation,False,False,log_loss,0.1250868472420978,,,,,,,1.0,1.0,1.0,0.1183865067962445,0.1104152664260378,,
rice_disease,repeated,8,linear_stack,combination,convnext_b,feature_concatenation,False,False,log_loss,0.0014834617508752,,,,,,,1.0,1.0,1.0,0.001015025655826,0.0010142795030251,,
rice_disease,repeated,8,greedy_average,combination,convnext_b,feature_concatenation,False,False,log_loss,0.0068186097865195,,,,,,,1.0,1.0,1.0,0.0011243953724333,0.0010801248293494,,
rice_disease,repeated,8,feature_concatenation,combination,convnext_b,feature_concatenation,False,True,log_loss,0.000748781267536,,,,,,,1.0,1.0,1.0,0.0004837938315154,0.000483266758729,,
rice_disease,repeated,9,resnet50,encoder,dinov2_vitb14,feature_concatenation,False,False,log_loss,0.0622757982275658,,,,,,,0.9955005624296964,0.9957350907752258,0.9957194290507568,0.0199761009448072,0.0056912936571261,,
rice_disease,repeated,9,vgg16,encoder,dinov2_vitb14,feature_concatenation,False,False,log_loss,0.0460650273239959,,,,,,,0.9876265466816648,0.987633238923374,0.9878460128633464,0.0354080499295828,0.0101422287550525,,
rice_disease,repeated,9,inception_v3,encoder,dinov2_vitb14,feature_concatenation,False,False,log_loss,0.0554612554258648,,,,,,,0.9887514060742408,0.9890403472051792,0.989005346580084,0.0379219789871005,0.0176136857796554,,
rice_disease,repeated,9,mobilenet_v2,encoder,dinov2_vitb14,feature_concatenation,False,False,log_loss,0.0112653112174233,,,,,,,0.997750281214848,0.997907949790795,0.997797506099214,0.0089493940650124,0.0075242207455382,,
rice_disease,repeated,9,coco_deeplab,encoder,dinov2_vitb14,feature_concatenation,False,False,log_loss,0.9980316656384688,,,,,,,0.5410573678290214,0.5468480505472311,0.5285191486558496,1.0430294658096158,0.0253801546615205,,
rice_disease,repeated,9,ade20k_segformer,encoder,dinov2_vitb14,feature_concatenation,False,False,log_loss,0.8352675781819403,,,,,,,0.6344206974128234,0.6389669985466129,0.6317016106592732,0.8461627862523815,0.0625065120274713,,
rice_disease,repeated,9,dinov2_vitb14,encoder,dinov2_vitb14,feature_concatenation,True,False,log_loss,0.0023957205688578,,,,,,,1.0,1.0,1.0,0.0013957441317255,0.0013601418735237,,
rice_disease,repeated,9,siglip2_b16,encoder,dinov2_vitb14,feature_concatenation,False,False,log_loss,0.0056662073268568,,,,,,,1.0,1.0,1.0,0.0022652529825635,0.0019758190976034,,
rice_disease,repeated,9,convnext_b,encoder,dinov2_vitb14,feature_concatenation,False,False,log_loss,0.0066127640818389,,,,,,,1.0,1.0,1.0,0.0021694654802625,0.0020869743325311,,
rice_disease,repeated,9,vit_b16,encoder,dinov2_vitb14,feature_concatenation,False,False,log_loss,0.0076154133668203,,,,,,,0.9966254218222722,0.9968619246861924,0.9968219055100438,0.0085829543619899,0.0036615655662599,,
rice_disease,repeated,9,equal_average,combination,dinov2_vitb14,feature_concatenation,False,False,log_loss,0.1245947495420878,,,,,,,1.0,1.0,1.0,0.1213761215300772,0.1129930397517016,,
rice_disease,repeated,9,linear_stack,combination,dinov2_vitb14,feature_concatenation,False,False,log_loss,0.0013670644119106,,,,,,,1.0,1.0,1.0,0.0009724723541912,0.0009717517377169,,
rice_disease,repeated,9,greedy_average,combination,dinov2_vitb14,feature_concatenation,False,False,log_loss,0.0056662073268568,,,,,,,1.0,1.0,1.0,0.0022652529825635,0.0019758190976034,,
rice_disease,repeated,9,feature_concatenation,combination,dinov2_vitb14,feature_concatenation,False,True,log_loss,0.0007359800182461,,,,,,,1.0,1.0,1.0,0.0005257666501338,0.0005252570059895,,
rice_disease,repeated,10,resnet50,encoder,convnext_b,feature_concatenation,False,False,log_loss,0.0313638010201346,,,,,,,0.9931506849315068,0.9929577464788732,0.9932701727477848,0.0284287883481445,0.0048006462719245,,
rice_disease,repeated,10,vgg16,encoder,convnext_b,feature_concatenation,False,False,log_loss,0.0593472816341231,,,,,,,0.9828767123287672,0.9833080916467132,0.9834596516124966,0.049487756404027,0.0203652037825732,,
rice_disease,repeated,10,inception_v3,encoder,convnext_b,feature_concatenation,False,False,log_loss,0.0430914160253219,,,,,,,0.9851598173515982,0.9850978992155264,0.985523751885961,0.0539010417276923,0.0183975636112684,,
rice_disease,repeated,10,mobilenet_v2,encoder,convnext_b,feature_concatenation,False,False,log_loss,0.0179471322160537,,,,,,,0.9954337899543378,0.9955066594128432,0.9955333292860612,0.0147761739783671,0.0071700031828906,,
rice_disease,repeated,10,coco_deeplab,encoder,convnext_b,feature_concatenation,False,False,log_loss,1.0402146013911304,,,,,,,0.5684931506849316,0.5748539792547169,0.5619145094664354,1.004453350014227,0.0685814007575154,,
rice_disease,repeated,10,ade20k_segformer,encoder,convnext_b,feature_concatenation,False,False,log_loss,0.8098852326980412,,,,,,,0.6689497716894978,0.6741368550429417,0.6687345712679943,0.8440885774731686,0.0651280654950922,,
rice_disease,repeated,10,dinov2_vitb14,encoder,convnext_b,feature_concatenation,False,False,log_loss,0.0019692933724152,,,,,,,1.0,1.0,1.0,0.0015894533005395,0.0013708313654967,,
rice_disease,repeated,10,siglip2_b16,encoder,convnext_b,feature_concatenation,False,False,log_loss,0.0019030283793736,,,,,,,0.997716894977169,0.9976525821596244,0.9977790880503145,0.0033818281820656,0.0027860551056071,,
rice_disease,repeated,10,convnext_b,encoder,convnext_b,feature_concatenation,True,False,log_loss,0.0017984223917182,,,,,,,1.0,1.0,1.0,0.0015172034402909,0.0014672431747539,,
rice_disease,repeated,10,vit_b16,encoder,convnext_b,feature_concatenation,False,False,log_loss,0.007342235995832,,,,,,,1.0,1.0,1.0,0.0011666103306126,0.0011313058101976,,
rice_disease,repeated,10,equal_average,combination,convnext_b,feature_concatenation,False,False,log_loss,0.1237955925842726,,,,,,,1.0,1.0,1.0,0.1235855586084274,0.1148882145285521,,
rice_disease,repeated,10,linear_stack,combination,convnext_b,feature_concatenation,False,False,log_loss,0.001182858428123,,,,,,,1.0,1.0,1.0,0.0010059279737382,0.0010051591461643,,
rice_disease,repeated,10,greedy_average,combination,convnext_b,feature_concatenation,False,False,log_loss,0.0018224347384934,,,,,,,1.0,1.0,1.0,0.0022388748221383,0.0020785094007482,,
rice_disease,repeated,10,feature_concatenation,combination,convnext_b,feature_concatenation,False,True,log_loss,0.0004717415570039,,,,,,,1.0,1.0,1.0,0.0005800849197444,0.0005761183998121,,
rice_disease,repeated,11,resnet50,encoder,siglip2_b16,feature_concatenation,False,False,log_loss,0.0232401348747324,,,,,,,0.9933035714285714,0.9931443798449612,0.9933796996857176,0.01748439690834,0.011972208670122,,
rice_disease,repeated,11,vgg16,encoder,siglip2_b16,feature_concatenation,False,False,log_loss,0.0530901524744887,,,,,,,0.9854910714285714,0.9862319904471066,0.9857485923240044,0.0444793607373813,0.0070932711123699,,
rice_disease,repeated,11,inception_v3,encoder,siglip2_b16,feature_concatenation,False,False,log_loss,0.0347700406571055,,,,,,,0.9877232142857144,0.987732378696526,0.9879021067545656,0.048456685686392,0.0089876814338261,,
rice_disease,repeated,11,mobilenet_v2,encoder,siglip2_b16,feature_concatenation,False,False,log_loss,0.0197550256567851,,,,,,,0.9955357142857144,0.9956168054359268,0.9957368181338702,0.0106501946602134,0.0050588306614874,,
rice_disease,repeated,11,coco_deeplab,encoder,siglip2_b16,feature_concatenation,False,False,log_loss,1.0104088643411262,,,,,,,0.5491071428571429,0.5552648035044675,0.5394197620922179,1.126015162338065,0.0364075467811473,,
rice_disease,repeated,11,ade20k_segformer,encoder,siglip2_b16,feature_concatenation,False,False,log_loss,0.8197206731684539,,,,,,,0.6272321428571429,0.6302975654477593,0.6232738618137302,0.8577013264641735,0.074418556732446,,
rice_disease,repeated,11,dinov2_vitb14,encoder,siglip2_b16,feature_concatenation,False,False,log_loss,0.0017956312769325,,,,,,,1.0,1.0,1.0,0.0011450349900408,0.0010349023174578,,
rice_disease,repeated,11,siglip2_b16,encoder,siglip2_b16,feature_concatenation,True,False,log_loss,0.0013430486488078,,,,,,,1.0,1.0,1.0,0.0012644964968426,0.0010491363911482,,
rice_disease,repeated,11,convnext_b,encoder,siglip2_b16,feature_concatenation,False,False,log_loss,0.0015452694286678,,,,,,,1.0,1.0,1.0,0.0007417331636421,0.0007304991205947,,
rice_disease,repeated,11,vit_b16,encoder,siglip2_b16,feature_concatenation,False,False,log_loss,0.0030619991314111,,,,,,,0.9988839285714286,0.9989583333333334,0.9988980329282292,0.0060053616296652,0.0011650620654726,,
rice_disease,repeated,11,equal_average,combination,siglip2_b16,feature_concatenation,False,False,log_loss,0.1210691288897048,,,,,,,1.0,1.0,1.0,0.1214194002126562,0.1130248126791331,,
rice_disease,repeated,11,linear_stack,combination,siglip2_b16,feature_concatenation,False,False,log_loss,0.0012135995649039,,,,,,,1.0,1.0,1.0,0.0010709957827935,0.0010681765564474,,
rice_disease,repeated,11,greedy_average,combination,siglip2_b16,feature_concatenation,False,False,log_loss,0.0017956312769325,,,,,,,1.0,1.0,1.0,0.0011450349900408,0.0010349023174578,,
rice_disease,repeated,11,feature_concatenation,combination,siglip2_b16,feature_concatenation,False,True,log_loss,0.000704304647039,,,,,,,0.9966517857142856,0.9969135802469136,0.996567505720824,0.0221685520426121,0.0028526314635827,,
